accountid,New_typesofsupportId,New_name,New_Code
40f512ab-d7fd-dd11-87d0-00188b804fcd,a6438f78-62bd-e611-a3f7-00155d33171d,Philanthropy Advisory Services,P23
1528e530-53b6-dd11-b898-00188b804fcd,a6438f78-62bd-e611-a3f7-00155d33171d,Philanthropy Advisory Services,P23
1f28e530-53b6-dd11-b898-00188b804fcd,a6438f78-62bd-e611-a3f7-00155d33171d,Philanthropy Advisory Services,P23
6828e530-53b6-dd11-b898-00188b804fcd,a6438f78-62bd-e611-a3f7-00155d33171d,Philanthropy Advisory Services,P23
b3a1356f-56b6-dd11-b898-00188b804fcd,a6438f78-62bd-e611-a3f7-00155d33171d,Philanthropy Advisory Services,P23
6900d00d-c931-df11-8156-00188b804fcd,8a714f32-63bd-e611-a3f7-00155d33171d,Knowledge related to the philanthropic sector,P24
1528e530-53b6-dd11-b898-00188b804fcd,8a714f32-63bd-e611-a3f7-00155d33171d,Knowledge related to the philanthropic sector,P24
6828e530-53b6-dd11-b898-00188b804fcd,8a714f32-63bd-e611-a3f7-00155d33171d,Knowledge related to the philanthropic sector,P24
876af96b-e7ab-e211-8907-00155d001608,26ccd387-3e73-e511-b179-00155d33171d,Film/Documentary,P22
46e833d1-98a6-e211-bc1c-00155d001608,26ccd387-3e73-e511-b179-00155d33171d,Film/Documentary,P22
40f512ab-d7fd-dd11-87d0-00188b804fcd,26ccd387-3e73-e511-b179-00155d33171d,Film/Documentary,P22
f227e530-53b6-dd11-b898-00188b804fcd,26ccd387-3e73-e511-b179-00155d33171d,Film/Documentary,P22
ff27e530-53b6-dd11-b898-00188b804fcd,26ccd387-3e73-e511-b179-00155d33171d,Film/Documentary,P22
0a28e530-53b6-dd11-b898-00188b804fcd,26ccd387-3e73-e511-b179-00155d33171d,Film/Documentary,P22
4528e530-53b6-dd11-b898-00188b804fcd,26ccd387-3e73-e511-b179-00155d33171d,Film/Documentary,P22
4628e530-53b6-dd11-b898-00188b804fcd,26ccd387-3e73-e511-b179-00155d33171d,Film/Documentary,P22
5228e530-53b6-dd11-b898-00188b804fcd,26ccd387-3e73-e511-b179-00155d33171d,Film/Documentary,P22
9f47d042-53b6-dd11-b898-00188b804fcd,26ccd387-3e73-e511-b179-00155d33171d,Film/Documentary,P22
9ae315bd-53ef-e411-b56b-00155d331923,dd61fd68-4030-df11-8156-00188b804fcd,Funder-operated programme,F20
de902966-3e3a-de11-96fa-00188b804fcd,dd61fd68-4030-df11-8156-00188b804fcd,Funder-operated programme,F20
1528e530-53b6-dd11-b898-00188b804fcd,dd61fd68-4030-df11-8156-00188b804fcd,Funder-operated programme,F20
2b28e530-53b6-dd11-b898-00188b804fcd,dd61fd68-4030-df11-8156-00188b804fcd,Funder-operated programme,F20
4528e530-53b6-dd11-b898-00188b804fcd,dd61fd68-4030-df11-8156-00188b804fcd,Funder-operated programme,F20
1ddbd43c-53b6-dd11-b898-00188b804fcd,dd61fd68-4030-df11-8156-00188b804fcd,Funder-operated programme,F20
6cdbd43c-53b6-dd11-b898-00188b804fcd,dd61fd68-4030-df11-8156-00188b804fcd,Funder-operated programme,F20
6edbd43c-53b6-dd11-b898-00188b804fcd,dd61fd68-4030-df11-8156-00188b804fcd,Funder-operated programme,F20
89dbd43c-53b6-dd11-b898-00188b804fcd,dd61fd68-4030-df11-8156-00188b804fcd,Funder-operated programme,F20
a4dbd43c-53b6-dd11-b898-00188b804fcd,dd61fd68-4030-df11-8156-00188b804fcd,Funder-operated programme,F20
aedbd43c-53b6-dd11-b898-00188b804fcd,dd61fd68-4030-df11-8156-00188b804fcd,Funder-operated programme,F20
0fb4cb48-53b6-dd11-b898-00188b804fcd,dd61fd68-4030-df11-8156-00188b804fcd,Funder-operated programme,F20
1cb4cb48-53b6-dd11-b898-00188b804fcd,dd61fd68-4030-df11-8156-00188b804fcd,Funder-operated programme,F20
4696bb5a-53b6-dd11-b898-00188b804fcd,dd61fd68-4030-df11-8156-00188b804fcd,Funder-operated programme,F20
876af96b-e7ab-e211-8907-00155d001608,dc81cad9-b785-df11-8416-00188b804fcd,Cooperation,P20
53973bb1-ec86-e511-8897-00155d33171d,dc81cad9-b785-df11-8416-00188b804fcd,Cooperation,P20
5b35202a-96c6-e611-a3f7-00155d33171d,dc81cad9-b785-df11-8416-00188b804fcd,Cooperation,P20
c4739860-041c-e611-b339-00155d33171d,dc81cad9-b785-df11-8416-00188b804fcd,Cooperation,P20
636d16e2-5202-de11-87d0-00188b804fcd,dc81cad9-b785-df11-8416-00188b804fcd,Cooperation,P20
0f708994-910d-de11-87d0-00188b804fcd,dc81cad9-b785-df11-8416-00188b804fcd,Cooperation,P20
de902966-3e3a-de11-96fa-00188b804fcd,dc81cad9-b785-df11-8416-00188b804fcd,Cooperation,P20
f227e530-53b6-dd11-b898-00188b804fcd,dc81cad9-b785-df11-8416-00188b804fcd,Cooperation,P20
0328e530-53b6-dd11-b898-00188b804fcd,dc81cad9-b785-df11-8416-00188b804fcd,Cooperation,P20
1028e530-53b6-dd11-b898-00188b804fcd,dc81cad9-b785-df11-8416-00188b804fcd,Cooperation,P20
2828e530-53b6-dd11-b898-00188b804fcd,dc81cad9-b785-df11-8416-00188b804fcd,Cooperation,P20
5328e530-53b6-dd11-b898-00188b804fcd,dc81cad9-b785-df11-8416-00188b804fcd,Cooperation,P20
abd0db36-53b6-dd11-b898-00188b804fcd,dc81cad9-b785-df11-8416-00188b804fcd,Cooperation,P20
04d1db36-53b6-dd11-b898-00188b804fcd,dc81cad9-b785-df11-8416-00188b804fcd,Cooperation,P20
95dbd43c-53b6-dd11-b898-00188b804fcd,dc81cad9-b785-df11-8416-00188b804fcd,Cooperation,P20
a2dbd43c-53b6-dd11-b898-00188b804fcd,dc81cad9-b785-df11-8416-00188b804fcd,Cooperation,P20
aedbd43c-53b6-dd11-b898-00188b804fcd,dc81cad9-b785-df11-8416-00188b804fcd,Cooperation,P20
4e47d042-53b6-dd11-b898-00188b804fcd,dc81cad9-b785-df11-8416-00188b804fcd,Cooperation,P20
c947d042-53b6-dd11-b898-00188b804fcd,dc81cad9-b785-df11-8416-00188b804fcd,Cooperation,P20
6fb3cb48-53b6-dd11-b898-00188b804fcd,dc81cad9-b785-df11-8416-00188b804fcd,Cooperation,P20
b2b3cb48-53b6-dd11-b898-00188b804fcd,dc81cad9-b785-df11-8416-00188b804fcd,Cooperation,P20
69c8bd54-53b6-dd11-b898-00188b804fcd,dc81cad9-b785-df11-8416-00188b804fcd,Cooperation,P20
f5c8bd54-53b6-dd11-b898-00188b804fcd,dc81cad9-b785-df11-8416-00188b804fcd,Cooperation,P20
410db066-53b6-dd11-b898-00188b804fcd,dc81cad9-b785-df11-8416-00188b804fcd,Cooperation,P20
6824e278-948d-de11-95cc-00188b804fcd,99f32458-4688-df11-8416-00188b804fcd,Theatre production,P21
fc27e530-53b6-dd11-b898-00188b804fcd,99f32458-4688-df11-8416-00188b804fcd,Theatre production,P21
1e28e530-53b6-dd11-b898-00188b804fcd,99f32458-4688-df11-8416-00188b804fcd,Theatre production,P21
4528e530-53b6-dd11-b898-00188b804fcd,99f32458-4688-df11-8416-00188b804fcd,Theatre production,P21
b0d0db36-53b6-dd11-b898-00188b804fcd,99f32458-4688-df11-8416-00188b804fcd,Theatre production,P21
95dbd43c-53b6-dd11-b898-00188b804fcd,99f32458-4688-df11-8416-00188b804fcd,Theatre production,P21
07b4cb48-53b6-dd11-b898-00188b804fcd,99f32458-4688-df11-8416-00188b804fcd,Theatre production,P21
c796bb5a-53b6-dd11-b898-00188b804fcd,99f32458-4688-df11-8416-00188b804fcd,Theatre production,P21
04a54f24-3602-e211-ab02-00155d001608,c614082a-bf09-df11-96da-00188b804fcd,Programme development,P02
53973bb1-ec86-e511-8897-00155d33171d,c614082a-bf09-df11-96da-00188b804fcd,Programme development,P02
e2cb1a06-d10d-e511-b56b-00155d331923,c614082a-bf09-df11-96da-00188b804fcd,Programme development,P02
6900d00d-c931-df11-8156-00188b804fcd,c614082a-bf09-df11-96da-00188b804fcd,Programme development,P02
0a28e530-53b6-dd11-b898-00188b804fcd,c614082a-bf09-df11-96da-00188b804fcd,Programme development,P02
3728e530-53b6-dd11-b898-00188b804fcd,c614082a-bf09-df11-96da-00188b804fcd,Programme development,P02
b0d0db36-53b6-dd11-b898-00188b804fcd,c614082a-bf09-df11-96da-00188b804fcd,Programme development,P02
e4d0db36-53b6-dd11-b898-00188b804fcd,c614082a-bf09-df11-96da-00188b804fcd,Programme development,P02
9fdbd43c-53b6-dd11-b898-00188b804fcd,c614082a-bf09-df11-96da-00188b804fcd,Programme development,P02
a4dbd43c-53b6-dd11-b898-00188b804fcd,c614082a-bf09-df11-96da-00188b804fcd,Programme development,P02
c7bdc44e-53b6-dd11-b898-00188b804fcd,c614082a-bf09-df11-96da-00188b804fcd,Programme development,P02
47bec44e-53b6-dd11-b898-00188b804fcd,c614082a-bf09-df11-96da-00188b804fcd,Programme development,P02
b3a1356f-56b6-dd11-b898-00188b804fcd,c614082a-bf09-df11-96da-00188b804fcd,Programme development,P02
4e3c58d4-b1f2-e211-85bf-00155d001608,63c37c55-bf09-df11-96da-00188b804fcd,General operating support,P01
f027ef3b-a3bb-e211-b548-00155d001608,63c37c55-bf09-df11-96da-00188b804fcd,General operating support,P01
46e833d1-98a6-e211-bc1c-00155d001608,63c37c55-bf09-df11-96da-00188b804fcd,General operating support,P01
ece0126a-1ac5-e111-8421-00155d001800,63c37c55-bf09-df11-96da-00188b804fcd,General operating support,P01
fdad9cb4-4066-e311-bb67-00155d33170f,63c37c55-bf09-df11-96da-00188b804fcd,General operating support,P01
3668ba7d-4c2f-de11-8d16-00188b804fcd,63c37c55-bf09-df11-96da-00188b804fcd,General operating support,P01
de902966-3e3a-de11-96fa-00188b804fcd,63c37c55-bf09-df11-96da-00188b804fcd,General operating support,P01
0a28e530-53b6-dd11-b898-00188b804fcd,63c37c55-bf09-df11-96da-00188b804fcd,General operating support,P01
4528e530-53b6-dd11-b898-00188b804fcd,63c37c55-bf09-df11-96da-00188b804fcd,General operating support,P01
5228e530-53b6-dd11-b898-00188b804fcd,63c37c55-bf09-df11-96da-00188b804fcd,General operating support,P01
8428e530-53b6-dd11-b898-00188b804fcd,63c37c55-bf09-df11-96da-00188b804fcd,General operating support,P01
82dbd43c-53b6-dd11-b898-00188b804fcd,63c37c55-bf09-df11-96da-00188b804fcd,General operating support,P01
89dbd43c-53b6-dd11-b898-00188b804fcd,63c37c55-bf09-df11-96da-00188b804fcd,General operating support,P01
8adbd43c-53b6-dd11-b898-00188b804fcd,63c37c55-bf09-df11-96da-00188b804fcd,General operating support,P01
8cdbd43c-53b6-dd11-b898-00188b804fcd,63c37c55-bf09-df11-96da-00188b804fcd,General operating support,P01
92dbd43c-53b6-dd11-b898-00188b804fcd,63c37c55-bf09-df11-96da-00188b804fcd,General operating support,P01
96dbd43c-53b6-dd11-b898-00188b804fcd,63c37c55-bf09-df11-96da-00188b804fcd,General operating support,P01
aedbd43c-53b6-dd11-b898-00188b804fcd,63c37c55-bf09-df11-96da-00188b804fcd,General operating support,P01
a6b3cb48-53b6-dd11-b898-00188b804fcd,63c37c55-bf09-df11-96da-00188b804fcd,General operating support,P01
07b4cb48-53b6-dd11-b898-00188b804fcd,63c37c55-bf09-df11-96da-00188b804fcd,General operating support,P01
18b4cb48-53b6-dd11-b898-00188b804fcd,63c37c55-bf09-df11-96da-00188b804fcd,General operating support,P01
1cb4cb48-53b6-dd11-b898-00188b804fcd,63c37c55-bf09-df11-96da-00188b804fcd,General operating support,P01
4896bb5a-53b6-dd11-b898-00188b804fcd,63c37c55-bf09-df11-96da-00188b804fcd,General operating support,P01
9396bb5a-53b6-dd11-b898-00188b804fcd,63c37c55-bf09-df11-96da-00188b804fcd,General operating support,P01
d896bb5a-53b6-dd11-b898-00188b804fcd,63c37c55-bf09-df11-96da-00188b804fcd,General operating support,P01
04a54f24-3602-e211-ab02-00155d001608,be52558c-bf09-df11-96da-00188b804fcd,Building/Renovation,P03
f027ef3b-a3bb-e211-b548-00155d001608,be52558c-bf09-df11-96da-00188b804fcd,Building/Renovation,P03
a2c4dd4b-d99d-e111-900b-00155d001800,be52558c-bf09-df11-96da-00188b804fcd,Building/Renovation,P03
53973bb1-ec86-e511-8897-00155d33171d,be52558c-bf09-df11-96da-00188b804fcd,Building/Renovation,P03
5b35202a-96c6-e611-a3f7-00155d33171d,be52558c-bf09-df11-96da-00188b804fcd,Building/Renovation,P03
ff3dc4a4-1629-e411-8caf-00155d331923,be52558c-bf09-df11-96da-00188b804fcd,Building/Renovation,P03
9a34d505-32c7-e411-b56b-00155d331923,be52558c-bf09-df11-96da-00188b804fcd,Building/Renovation,P03
6d10d185-f6f2-e411-b56b-00155d331923,be52558c-bf09-df11-96da-00188b804fcd,Building/Renovation,P03
3668ba7d-4c2f-de11-8d16-00188b804fcd,be52558c-bf09-df11-96da-00188b804fcd,Building/Renovation,P03
de902966-3e3a-de11-96fa-00188b804fcd,be52558c-bf09-df11-96da-00188b804fcd,Building/Renovation,P03
fa27e530-53b6-dd11-b898-00188b804fcd,be52558c-bf09-df11-96da-00188b804fcd,Building/Renovation,P03
ff27e530-53b6-dd11-b898-00188b804fcd,be52558c-bf09-df11-96da-00188b804fcd,Building/Renovation,P03
1028e530-53b6-dd11-b898-00188b804fcd,be52558c-bf09-df11-96da-00188b804fcd,Building/Renovation,P03
2c28e530-53b6-dd11-b898-00188b804fcd,be52558c-bf09-df11-96da-00188b804fcd,Building/Renovation,P03
3728e530-53b6-dd11-b898-00188b804fcd,be52558c-bf09-df11-96da-00188b804fcd,Building/Renovation,P03
4528e530-53b6-dd11-b898-00188b804fcd,be52558c-bf09-df11-96da-00188b804fcd,Building/Renovation,P03
5228e530-53b6-dd11-b898-00188b804fcd,be52558c-bf09-df11-96da-00188b804fcd,Building/Renovation,P03
6828e530-53b6-dd11-b898-00188b804fcd,be52558c-bf09-df11-96da-00188b804fcd,Building/Renovation,P03
04d1db36-53b6-dd11-b898-00188b804fcd,be52558c-bf09-df11-96da-00188b804fcd,Building/Renovation,P03
40dbd43c-53b6-dd11-b898-00188b804fcd,be52558c-bf09-df11-96da-00188b804fcd,Building/Renovation,P03
68dbd43c-53b6-dd11-b898-00188b804fcd,be52558c-bf09-df11-96da-00188b804fcd,Building/Renovation,P03
6edbd43c-53b6-dd11-b898-00188b804fcd,be52558c-bf09-df11-96da-00188b804fcd,Building/Renovation,P03
84dbd43c-53b6-dd11-b898-00188b804fcd,be52558c-bf09-df11-96da-00188b804fcd,Building/Renovation,P03
86dbd43c-53b6-dd11-b898-00188b804fcd,be52558c-bf09-df11-96da-00188b804fcd,Building/Renovation,P03
89dbd43c-53b6-dd11-b898-00188b804fcd,be52558c-bf09-df11-96da-00188b804fcd,Building/Renovation,P03
8adbd43c-53b6-dd11-b898-00188b804fcd,be52558c-bf09-df11-96da-00188b804fcd,Building/Renovation,P03
92dbd43c-53b6-dd11-b898-00188b804fcd,be52558c-bf09-df11-96da-00188b804fcd,Building/Renovation,P03
95dbd43c-53b6-dd11-b898-00188b804fcd,be52558c-bf09-df11-96da-00188b804fcd,Building/Renovation,P03
96dbd43c-53b6-dd11-b898-00188b804fcd,be52558c-bf09-df11-96da-00188b804fcd,Building/Renovation,P03
aedbd43c-53b6-dd11-b898-00188b804fcd,be52558c-bf09-df11-96da-00188b804fcd,Building/Renovation,P03
b6dbd43c-53b6-dd11-b898-00188b804fcd,be52558c-bf09-df11-96da-00188b804fcd,Building/Renovation,P03
8ab3cb48-53b6-dd11-b898-00188b804fcd,be52558c-bf09-df11-96da-00188b804fcd,Building/Renovation,P03
a6b3cb48-53b6-dd11-b898-00188b804fcd,be52558c-bf09-df11-96da-00188b804fcd,Building/Renovation,P03
b2b3cb48-53b6-dd11-b898-00188b804fcd,be52558c-bf09-df11-96da-00188b804fcd,Building/Renovation,P03
ddb3cb48-53b6-dd11-b898-00188b804fcd,be52558c-bf09-df11-96da-00188b804fcd,Building/Renovation,P03
1cb4cb48-53b6-dd11-b898-00188b804fcd,be52558c-bf09-df11-96da-00188b804fcd,Building/Renovation,P03
1cbec44e-53b6-dd11-b898-00188b804fcd,be52558c-bf09-df11-96da-00188b804fcd,Building/Renovation,P03
47bec44e-53b6-dd11-b898-00188b804fcd,be52558c-bf09-df11-96da-00188b804fcd,Building/Renovation,P03
f1c8bd54-53b6-dd11-b898-00188b804fcd,be52558c-bf09-df11-96da-00188b804fcd,Building/Renovation,P03
3e96bb5a-53b6-dd11-b898-00188b804fcd,be52558c-bf09-df11-96da-00188b804fcd,Building/Renovation,P03
4896bb5a-53b6-dd11-b898-00188b804fcd,be52558c-bf09-df11-96da-00188b804fcd,Building/Renovation,P03
8896bb5a-53b6-dd11-b898-00188b804fcd,be52558c-bf09-df11-96da-00188b804fcd,Building/Renovation,P03
8d96bb5a-53b6-dd11-b898-00188b804fcd,be52558c-bf09-df11-96da-00188b804fcd,Building/Renovation,P03
9396bb5a-53b6-dd11-b898-00188b804fcd,be52558c-bf09-df11-96da-00188b804fcd,Building/Renovation,P03
a596bb5a-53b6-dd11-b898-00188b804fcd,be52558c-bf09-df11-96da-00188b804fcd,Building/Renovation,P03
d896bb5a-53b6-dd11-b898-00188b804fcd,be52558c-bf09-df11-96da-00188b804fcd,Building/Renovation,P03
2e02b760-53b6-dd11-b898-00188b804fcd,be52558c-bf09-df11-96da-00188b804fcd,Building/Renovation,P03
4402b760-53b6-dd11-b898-00188b804fcd,be52558c-bf09-df11-96da-00188b804fcd,Building/Renovation,P03
7a02b760-53b6-dd11-b898-00188b804fcd,be52558c-bf09-df11-96da-00188b804fcd,Building/Renovation,P03
f027ef3b-a3bb-e211-b548-00155d001608,5fa6d7a5-bf09-df11-96da-00188b804fcd,Equipment purchase,P04
527541f8-b036-e111-8306-00155d001800,5fa6d7a5-bf09-df11-96da-00188b804fcd,Equipment purchase,P04
a2c4dd4b-d99d-e111-900b-00155d001800,5fa6d7a5-bf09-df11-96da-00188b804fcd,Equipment purchase,P04
9a34d505-32c7-e411-b56b-00155d331923,5fa6d7a5-bf09-df11-96da-00188b804fcd,Equipment purchase,P04
6d10d185-f6f2-e411-b56b-00155d331923,5fa6d7a5-bf09-df11-96da-00188b804fcd,Equipment purchase,P04
3668ba7d-4c2f-de11-8d16-00188b804fcd,5fa6d7a5-bf09-df11-96da-00188b804fcd,Equipment purchase,P04
37ba8764-a017-de11-91f2-00188b804fcd,5fa6d7a5-bf09-df11-96da-00188b804fcd,Equipment purchase,P04
1028e530-53b6-dd11-b898-00188b804fcd,5fa6d7a5-bf09-df11-96da-00188b804fcd,Equipment purchase,P04
1e28e530-53b6-dd11-b898-00188b804fcd,5fa6d7a5-bf09-df11-96da-00188b804fcd,Equipment purchase,P04
8428e530-53b6-dd11-b898-00188b804fcd,5fa6d7a5-bf09-df11-96da-00188b804fcd,Equipment purchase,P04
b0d0db36-53b6-dd11-b898-00188b804fcd,5fa6d7a5-bf09-df11-96da-00188b804fcd,Equipment purchase,P04
e4d0db36-53b6-dd11-b898-00188b804fcd,5fa6d7a5-bf09-df11-96da-00188b804fcd,Equipment purchase,P04
6edbd43c-53b6-dd11-b898-00188b804fcd,5fa6d7a5-bf09-df11-96da-00188b804fcd,Equipment purchase,P04
84dbd43c-53b6-dd11-b898-00188b804fcd,5fa6d7a5-bf09-df11-96da-00188b804fcd,Equipment purchase,P04
86dbd43c-53b6-dd11-b898-00188b804fcd,5fa6d7a5-bf09-df11-96da-00188b804fcd,Equipment purchase,P04
92dbd43c-53b6-dd11-b898-00188b804fcd,5fa6d7a5-bf09-df11-96da-00188b804fcd,Equipment purchase,P04
95dbd43c-53b6-dd11-b898-00188b804fcd,5fa6d7a5-bf09-df11-96da-00188b804fcd,Equipment purchase,P04
96dbd43c-53b6-dd11-b898-00188b804fcd,5fa6d7a5-bf09-df11-96da-00188b804fcd,Equipment purchase,P04
b6dbd43c-53b6-dd11-b898-00188b804fcd,5fa6d7a5-bf09-df11-96da-00188b804fcd,Equipment purchase,P04
a6b3cb48-53b6-dd11-b898-00188b804fcd,5fa6d7a5-bf09-df11-96da-00188b804fcd,Equipment purchase,P04
47bec44e-53b6-dd11-b898-00188b804fcd,5fa6d7a5-bf09-df11-96da-00188b804fcd,Equipment purchase,P04
8d96bb5a-53b6-dd11-b898-00188b804fcd,5fa6d7a5-bf09-df11-96da-00188b804fcd,Equipment purchase,P04
a596bb5a-53b6-dd11-b898-00188b804fcd,5fa6d7a5-bf09-df11-96da-00188b804fcd,Equipment purchase,P04
d896bb5a-53b6-dd11-b898-00188b804fcd,5fa6d7a5-bf09-df11-96da-00188b804fcd,Equipment purchase,P04
7a02b760-53b6-dd11-b898-00188b804fcd,5fa6d7a5-bf09-df11-96da-00188b804fcd,Equipment purchase,P04
9e2e0f17-56b6-dd11-b898-00188b804fcd,5fa6d7a5-bf09-df11-96da-00188b804fcd,Equipment purchase,P04
5b35202a-96c6-e611-a3f7-00155d33171d,c707b4cd-bf09-df11-96da-00188b804fcd,Collections acquisition,P05
2c28e530-53b6-dd11-b898-00188b804fcd,c707b4cd-bf09-df11-96da-00188b804fcd,Collections acquisition,P05
4528e530-53b6-dd11-b898-00188b804fcd,c707b4cd-bf09-df11-96da-00188b804fcd,Collections acquisition,P05
aedbd43c-53b6-dd11-b898-00188b804fcd,c707b4cd-bf09-df11-96da-00188b804fcd,Collections acquisition,P05
b6dbd43c-53b6-dd11-b898-00188b804fcd,c707b4cd-bf09-df11-96da-00188b804fcd,Collections acquisition,P05
dfdbd43c-53b6-dd11-b898-00188b804fcd,c707b4cd-bf09-df11-96da-00188b804fcd,Collections acquisition,P05
07b4cb48-53b6-dd11-b898-00188b804fcd,c707b4cd-bf09-df11-96da-00188b804fcd,Collections acquisition,P05
0fb4cb48-53b6-dd11-b898-00188b804fcd,c707b4cd-bf09-df11-96da-00188b804fcd,Collections acquisition,P05
1cbec44e-53b6-dd11-b898-00188b804fcd,c707b4cd-bf09-df11-96da-00188b804fcd,Collections acquisition,P05
4796bb5a-53b6-dd11-b898-00188b804fcd,c707b4cd-bf09-df11-96da-00188b804fcd,Collections acquisition,P05
8d96bb5a-53b6-dd11-b898-00188b804fcd,c707b4cd-bf09-df11-96da-00188b804fcd,Collections acquisition,P05
add3baec-60a0-e211-92ae-00155d001608,ccd39809-c009-df11-96da-00188b804fcd,Conference/Seminar,P06
5232c1d6-33cc-e211-b8c9-00155d001608,ccd39809-c009-df11-96da-00188b804fcd,Conference/Seminar,P06
527541f8-b036-e111-8306-00155d001800,ccd39809-c009-df11-96da-00188b804fcd,Conference/Seminar,P06
c4739860-041c-e611-b339-00155d33171d,ccd39809-c009-df11-96da-00188b804fcd,Conference/Seminar,P06
c69aa4ac-3280-df11-8416-00188b804fcd,ccd39809-c009-df11-96da-00188b804fcd,Conference/Seminar,P06
dc302c55-3aa5-df11-8416-00188b804fcd,ccd39809-c009-df11-96da-00188b804fcd,Conference/Seminar,P06
636d16e2-5202-de11-87d0-00188b804fcd,ccd39809-c009-df11-96da-00188b804fcd,Conference/Seminar,P06
fc5ccde7-eb1a-de11-8f3e-00188b804fcd,ccd39809-c009-df11-96da-00188b804fcd,Conference/Seminar,P06
6824e278-948d-de11-95cc-00188b804fcd,ccd39809-c009-df11-96da-00188b804fcd,Conference/Seminar,P06
fc27e530-53b6-dd11-b898-00188b804fcd,ccd39809-c009-df11-96da-00188b804fcd,Conference/Seminar,P06
fd27e530-53b6-dd11-b898-00188b804fcd,ccd39809-c009-df11-96da-00188b804fcd,Conference/Seminar,P06
fe27e530-53b6-dd11-b898-00188b804fcd,ccd39809-c009-df11-96da-00188b804fcd,Conference/Seminar,P06
ff27e530-53b6-dd11-b898-00188b804fcd,ccd39809-c009-df11-96da-00188b804fcd,Conference/Seminar,P06
0328e530-53b6-dd11-b898-00188b804fcd,ccd39809-c009-df11-96da-00188b804fcd,Conference/Seminar,P06
1228e530-53b6-dd11-b898-00188b804fcd,ccd39809-c009-df11-96da-00188b804fcd,Conference/Seminar,P06
1528e530-53b6-dd11-b898-00188b804fcd,ccd39809-c009-df11-96da-00188b804fcd,Conference/Seminar,P06
1e28e530-53b6-dd11-b898-00188b804fcd,ccd39809-c009-df11-96da-00188b804fcd,Conference/Seminar,P06
2828e530-53b6-dd11-b898-00188b804fcd,ccd39809-c009-df11-96da-00188b804fcd,Conference/Seminar,P06
2b28e530-53b6-dd11-b898-00188b804fcd,ccd39809-c009-df11-96da-00188b804fcd,Conference/Seminar,P06
2c28e530-53b6-dd11-b898-00188b804fcd,ccd39809-c009-df11-96da-00188b804fcd,Conference/Seminar,P06
3728e530-53b6-dd11-b898-00188b804fcd,ccd39809-c009-df11-96da-00188b804fcd,Conference/Seminar,P06
3828e530-53b6-dd11-b898-00188b804fcd,ccd39809-c009-df11-96da-00188b804fcd,Conference/Seminar,P06
4528e530-53b6-dd11-b898-00188b804fcd,ccd39809-c009-df11-96da-00188b804fcd,Conference/Seminar,P06
5228e530-53b6-dd11-b898-00188b804fcd,ccd39809-c009-df11-96da-00188b804fcd,Conference/Seminar,P06
5328e530-53b6-dd11-b898-00188b804fcd,ccd39809-c009-df11-96da-00188b804fcd,Conference/Seminar,P06
6028e530-53b6-dd11-b898-00188b804fcd,ccd39809-c009-df11-96da-00188b804fcd,Conference/Seminar,P06
6428e530-53b6-dd11-b898-00188b804fcd,ccd39809-c009-df11-96da-00188b804fcd,Conference/Seminar,P06
6828e530-53b6-dd11-b898-00188b804fcd,ccd39809-c009-df11-96da-00188b804fcd,Conference/Seminar,P06
6c28e530-53b6-dd11-b898-00188b804fcd,ccd39809-c009-df11-96da-00188b804fcd,Conference/Seminar,P06
7d28e530-53b6-dd11-b898-00188b804fcd,ccd39809-c009-df11-96da-00188b804fcd,Conference/Seminar,P06
8428e530-53b6-dd11-b898-00188b804fcd,ccd39809-c009-df11-96da-00188b804fcd,Conference/Seminar,P06
9e28e530-53b6-dd11-b898-00188b804fcd,ccd39809-c009-df11-96da-00188b804fcd,Conference/Seminar,P06
04d1db36-53b6-dd11-b898-00188b804fcd,ccd39809-c009-df11-96da-00188b804fcd,Conference/Seminar,P06
82dbd43c-53b6-dd11-b898-00188b804fcd,ccd39809-c009-df11-96da-00188b804fcd,Conference/Seminar,P06
89dbd43c-53b6-dd11-b898-00188b804fcd,ccd39809-c009-df11-96da-00188b804fcd,Conference/Seminar,P06
9fdbd43c-53b6-dd11-b898-00188b804fcd,ccd39809-c009-df11-96da-00188b804fcd,Conference/Seminar,P06
aedbd43c-53b6-dd11-b898-00188b804fcd,ccd39809-c009-df11-96da-00188b804fcd,Conference/Seminar,P06
d4dbd43c-53b6-dd11-b898-00188b804fcd,ccd39809-c009-df11-96da-00188b804fcd,Conference/Seminar,P06
9f47d042-53b6-dd11-b898-00188b804fcd,ccd39809-c009-df11-96da-00188b804fcd,Conference/Seminar,P06
ddb3cb48-53b6-dd11-b898-00188b804fcd,ccd39809-c009-df11-96da-00188b804fcd,Conference/Seminar,P06
07b4cb48-53b6-dd11-b898-00188b804fcd,ccd39809-c009-df11-96da-00188b804fcd,Conference/Seminar,P06
0fb4cb48-53b6-dd11-b898-00188b804fcd,ccd39809-c009-df11-96da-00188b804fcd,Conference/Seminar,P06
47bec44e-53b6-dd11-b898-00188b804fcd,ccd39809-c009-df11-96da-00188b804fcd,Conference/Seminar,P06
79bec44e-53b6-dd11-b898-00188b804fcd,ccd39809-c009-df11-96da-00188b804fcd,Conference/Seminar,P06
69c8bd54-53b6-dd11-b898-00188b804fcd,ccd39809-c009-df11-96da-00188b804fcd,Conference/Seminar,P06
f5c8bd54-53b6-dd11-b898-00188b804fcd,ccd39809-c009-df11-96da-00188b804fcd,Conference/Seminar,P06
3496bb5a-53b6-dd11-b898-00188b804fcd,ccd39809-c009-df11-96da-00188b804fcd,Conference/Seminar,P06
8896bb5a-53b6-dd11-b898-00188b804fcd,ccd39809-c009-df11-96da-00188b804fcd,Conference/Seminar,P06
8c96bb5a-53b6-dd11-b898-00188b804fcd,ccd39809-c009-df11-96da-00188b804fcd,Conference/Seminar,P06
a596bb5a-53b6-dd11-b898-00188b804fcd,ccd39809-c009-df11-96da-00188b804fcd,Conference/Seminar,P06
2e02b760-53b6-dd11-b898-00188b804fcd,ccd39809-c009-df11-96da-00188b804fcd,Conference/Seminar,P06
7a02b760-53b6-dd11-b898-00188b804fcd,ccd39809-c009-df11-96da-00188b804fcd,Conference/Seminar,P06
4e3c58d4-b1f2-e211-85bf-00155d001608,736b9720-c009-df11-96da-00188b804fcd,Publication,P07
46e833d1-98a6-e211-bc1c-00155d001608,736b9720-c009-df11-96da-00188b804fcd,Publication,P07
ece0126a-1ac5-e111-8421-00155d001800,736b9720-c009-df11-96da-00188b804fcd,Publication,P07
38ec761b-3077-e111-af39-00155d001800,736b9720-c009-df11-96da-00188b804fcd,Publication,P07
5b35202a-96c6-e611-a3f7-00155d33171d,736b9720-c009-df11-96da-00188b804fcd,Publication,P07
c4739860-041c-e611-b339-00155d33171d,736b9720-c009-df11-96da-00188b804fcd,Publication,P07
9ae315bd-53ef-e411-b56b-00155d331923,736b9720-c009-df11-96da-00188b804fcd,Publication,P07
c69aa4ac-3280-df11-8416-00188b804fcd,736b9720-c009-df11-96da-00188b804fcd,Publication,P07
636d16e2-5202-de11-87d0-00188b804fcd,736b9720-c009-df11-96da-00188b804fcd,Publication,P07
f227e530-53b6-dd11-b898-00188b804fcd,736b9720-c009-df11-96da-00188b804fcd,Publication,P07
0328e530-53b6-dd11-b898-00188b804fcd,736b9720-c009-df11-96da-00188b804fcd,Publication,P07
2528e530-53b6-dd11-b898-00188b804fcd,736b9720-c009-df11-96da-00188b804fcd,Publication,P07
2828e530-53b6-dd11-b898-00188b804fcd,736b9720-c009-df11-96da-00188b804fcd,Publication,P07
2c28e530-53b6-dd11-b898-00188b804fcd,736b9720-c009-df11-96da-00188b804fcd,Publication,P07
3828e530-53b6-dd11-b898-00188b804fcd,736b9720-c009-df11-96da-00188b804fcd,Publication,P07
5328e530-53b6-dd11-b898-00188b804fcd,736b9720-c009-df11-96da-00188b804fcd,Publication,P07
8428e530-53b6-dd11-b898-00188b804fcd,736b9720-c009-df11-96da-00188b804fcd,Publication,P07
b0d0db36-53b6-dd11-b898-00188b804fcd,736b9720-c009-df11-96da-00188b804fcd,Publication,P07
c5d0db36-53b6-dd11-b898-00188b804fcd,736b9720-c009-df11-96da-00188b804fcd,Publication,P07
e1d0db36-53b6-dd11-b898-00188b804fcd,736b9720-c009-df11-96da-00188b804fcd,Publication,P07
04d1db36-53b6-dd11-b898-00188b804fcd,736b9720-c009-df11-96da-00188b804fcd,Publication,P07
73d1db36-53b6-dd11-b898-00188b804fcd,736b9720-c009-df11-96da-00188b804fcd,Publication,P07
1ddbd43c-53b6-dd11-b898-00188b804fcd,736b9720-c009-df11-96da-00188b804fcd,Publication,P07
6edbd43c-53b6-dd11-b898-00188b804fcd,736b9720-c009-df11-96da-00188b804fcd,Publication,P07
89dbd43c-53b6-dd11-b898-00188b804fcd,736b9720-c009-df11-96da-00188b804fcd,Publication,P07
8adbd43c-53b6-dd11-b898-00188b804fcd,736b9720-c009-df11-96da-00188b804fcd,Publication,P07
90dbd43c-53b6-dd11-b898-00188b804fcd,736b9720-c009-df11-96da-00188b804fcd,Publication,P07
95dbd43c-53b6-dd11-b898-00188b804fcd,736b9720-c009-df11-96da-00188b804fcd,Publication,P07
dfdbd43c-53b6-dd11-b898-00188b804fcd,736b9720-c009-df11-96da-00188b804fcd,Publication,P07
ddb3cb48-53b6-dd11-b898-00188b804fcd,736b9720-c009-df11-96da-00188b804fcd,Publication,P07
0fb4cb48-53b6-dd11-b898-00188b804fcd,736b9720-c009-df11-96da-00188b804fcd,Publication,P07
2ebec44e-53b6-dd11-b898-00188b804fcd,736b9720-c009-df11-96da-00188b804fcd,Publication,P07
47bec44e-53b6-dd11-b898-00188b804fcd,736b9720-c009-df11-96da-00188b804fcd,Publication,P07
69c8bd54-53b6-dd11-b898-00188b804fcd,736b9720-c009-df11-96da-00188b804fcd,Publication,P07
f5c8bd54-53b6-dd11-b898-00188b804fcd,736b9720-c009-df11-96da-00188b804fcd,Publication,P07
4796bb5a-53b6-dd11-b898-00188b804fcd,736b9720-c009-df11-96da-00188b804fcd,Publication,P07
8c96bb5a-53b6-dd11-b898-00188b804fcd,736b9720-c009-df11-96da-00188b804fcd,Publication,P07
8d96bb5a-53b6-dd11-b898-00188b804fcd,736b9720-c009-df11-96da-00188b804fcd,Publication,P07
9396bb5a-53b6-dd11-b898-00188b804fcd,736b9720-c009-df11-96da-00188b804fcd,Publication,P07
9796bb5a-53b6-dd11-b898-00188b804fcd,736b9720-c009-df11-96da-00188b804fcd,Publication,P07
a596bb5a-53b6-dd11-b898-00188b804fcd,736b9720-c009-df11-96da-00188b804fcd,Publication,P07
e9764978-4054-df11-b5ae-00188b804fcd,acceaf65-c009-df11-96da-00188b804fcd,Curriculum development,P08
5232c1d6-33cc-e211-b8c9-00155d001608,123b74c0-c009-df11-96da-00188b804fcd,Exhibition/Museum,P09
46e833d1-98a6-e211-bc1c-00155d001608,123b74c0-c009-df11-96da-00188b804fcd,Exhibition/Museum,P09
527541f8-b036-e111-8306-00155d001800,123b74c0-c009-df11-96da-00188b804fcd,Exhibition/Museum,P09
5b35202a-96c6-e611-a3f7-00155d33171d,123b74c0-c009-df11-96da-00188b804fcd,Exhibition/Museum,P09
bb991307-623b-e511-b179-00155d33171d,123b74c0-c009-df11-96da-00188b804fcd,Exhibition/Museum,P09
c4739860-041c-e611-b339-00155d33171d,123b74c0-c009-df11-96da-00188b804fcd,Exhibition/Museum,P09
ff3dc4a4-1629-e411-8caf-00155d331923,123b74c0-c009-df11-96da-00188b804fcd,Exhibition/Museum,P09
32078e4d-059c-e411-b56b-00155d331923,123b74c0-c009-df11-96da-00188b804fcd,Exhibition/Museum,P09
6d10d185-f6f2-e411-b56b-00155d331923,123b74c0-c009-df11-96da-00188b804fcd,Exhibition/Museum,P09
dc302c55-3aa5-df11-8416-00188b804fcd,123b74c0-c009-df11-96da-00188b804fcd,Exhibition/Museum,P09
6824e278-948d-de11-95cc-00188b804fcd,123b74c0-c009-df11-96da-00188b804fcd,Exhibition/Museum,P09
f227e530-53b6-dd11-b898-00188b804fcd,123b74c0-c009-df11-96da-00188b804fcd,Exhibition/Museum,P09
fa27e530-53b6-dd11-b898-00188b804fcd,123b74c0-c009-df11-96da-00188b804fcd,Exhibition/Museum,P09
fc27e530-53b6-dd11-b898-00188b804fcd,123b74c0-c009-df11-96da-00188b804fcd,Exhibition/Museum,P09
0028e530-53b6-dd11-b898-00188b804fcd,123b74c0-c009-df11-96da-00188b804fcd,Exhibition/Museum,P09
1028e530-53b6-dd11-b898-00188b804fcd,123b74c0-c009-df11-96da-00188b804fcd,Exhibition/Museum,P09
1e28e530-53b6-dd11-b898-00188b804fcd,123b74c0-c009-df11-96da-00188b804fcd,Exhibition/Museum,P09
2c28e530-53b6-dd11-b898-00188b804fcd,123b74c0-c009-df11-96da-00188b804fcd,Exhibition/Museum,P09
2d28e530-53b6-dd11-b898-00188b804fcd,123b74c0-c009-df11-96da-00188b804fcd,Exhibition/Museum,P09
3828e530-53b6-dd11-b898-00188b804fcd,123b74c0-c009-df11-96da-00188b804fcd,Exhibition/Museum,P09
4528e530-53b6-dd11-b898-00188b804fcd,123b74c0-c009-df11-96da-00188b804fcd,Exhibition/Museum,P09
6028e530-53b6-dd11-b898-00188b804fcd,123b74c0-c009-df11-96da-00188b804fcd,Exhibition/Museum,P09
6828e530-53b6-dd11-b898-00188b804fcd,123b74c0-c009-df11-96da-00188b804fcd,Exhibition/Museum,P09
ac28e530-53b6-dd11-b898-00188b804fcd,123b74c0-c009-df11-96da-00188b804fcd,Exhibition/Museum,P09
b0d0db36-53b6-dd11-b898-00188b804fcd,123b74c0-c009-df11-96da-00188b804fcd,Exhibition/Museum,P09
e4d0db36-53b6-dd11-b898-00188b804fcd,123b74c0-c009-df11-96da-00188b804fcd,Exhibition/Museum,P09
04d1db36-53b6-dd11-b898-00188b804fcd,123b74c0-c009-df11-96da-00188b804fcd,Exhibition/Museum,P09
68dbd43c-53b6-dd11-b898-00188b804fcd,123b74c0-c009-df11-96da-00188b804fcd,Exhibition/Museum,P09
6cdbd43c-53b6-dd11-b898-00188b804fcd,123b74c0-c009-df11-96da-00188b804fcd,Exhibition/Museum,P09
70dbd43c-53b6-dd11-b898-00188b804fcd,123b74c0-c009-df11-96da-00188b804fcd,Exhibition/Museum,P09
8adbd43c-53b6-dd11-b898-00188b804fcd,123b74c0-c009-df11-96da-00188b804fcd,Exhibition/Museum,P09
8cdbd43c-53b6-dd11-b898-00188b804fcd,123b74c0-c009-df11-96da-00188b804fcd,Exhibition/Museum,P09
92dbd43c-53b6-dd11-b898-00188b804fcd,123b74c0-c009-df11-96da-00188b804fcd,Exhibition/Museum,P09
95dbd43c-53b6-dd11-b898-00188b804fcd,123b74c0-c009-df11-96da-00188b804fcd,Exhibition/Museum,P09
96dbd43c-53b6-dd11-b898-00188b804fcd,123b74c0-c009-df11-96da-00188b804fcd,Exhibition/Museum,P09
a4dbd43c-53b6-dd11-b898-00188b804fcd,123b74c0-c009-df11-96da-00188b804fcd,Exhibition/Museum,P09
aedbd43c-53b6-dd11-b898-00188b804fcd,123b74c0-c009-df11-96da-00188b804fcd,Exhibition/Museum,P09
b6dbd43c-53b6-dd11-b898-00188b804fcd,123b74c0-c009-df11-96da-00188b804fcd,Exhibition/Museum,P09
d2dbd43c-53b6-dd11-b898-00188b804fcd,123b74c0-c009-df11-96da-00188b804fcd,Exhibition/Museum,P09
d4dbd43c-53b6-dd11-b898-00188b804fcd,123b74c0-c009-df11-96da-00188b804fcd,Exhibition/Museum,P09
dfdbd43c-53b6-dd11-b898-00188b804fcd,123b74c0-c009-df11-96da-00188b804fcd,Exhibition/Museum,P09
cc47d042-53b6-dd11-b898-00188b804fcd,123b74c0-c009-df11-96da-00188b804fcd,Exhibition/Museum,P09
7bb3cb48-53b6-dd11-b898-00188b804fcd,123b74c0-c009-df11-96da-00188b804fcd,Exhibition/Museum,P09
a6b3cb48-53b6-dd11-b898-00188b804fcd,123b74c0-c009-df11-96da-00188b804fcd,Exhibition/Museum,P09
07b4cb48-53b6-dd11-b898-00188b804fcd,123b74c0-c009-df11-96da-00188b804fcd,Exhibition/Museum,P09
1cbec44e-53b6-dd11-b898-00188b804fcd,123b74c0-c009-df11-96da-00188b804fcd,Exhibition/Museum,P09
2ebec44e-53b6-dd11-b898-00188b804fcd,123b74c0-c009-df11-96da-00188b804fcd,Exhibition/Museum,P09
f5c8bd54-53b6-dd11-b898-00188b804fcd,123b74c0-c009-df11-96da-00188b804fcd,Exhibition/Museum,P09
3496bb5a-53b6-dd11-b898-00188b804fcd,123b74c0-c009-df11-96da-00188b804fcd,Exhibition/Museum,P09
4796bb5a-53b6-dd11-b898-00188b804fcd,123b74c0-c009-df11-96da-00188b804fcd,Exhibition/Museum,P09
4896bb5a-53b6-dd11-b898-00188b804fcd,123b74c0-c009-df11-96da-00188b804fcd,Exhibition/Museum,P09
8896bb5a-53b6-dd11-b898-00188b804fcd,123b74c0-c009-df11-96da-00188b804fcd,Exhibition/Museum,P09
8d96bb5a-53b6-dd11-b898-00188b804fcd,123b74c0-c009-df11-96da-00188b804fcd,Exhibition/Museum,P09
a596bb5a-53b6-dd11-b898-00188b804fcd,123b74c0-c009-df11-96da-00188b804fcd,Exhibition/Museum,P09
d896bb5a-53b6-dd11-b898-00188b804fcd,123b74c0-c009-df11-96da-00188b804fcd,Exhibition/Museum,P09
2e02b760-53b6-dd11-b898-00188b804fcd,123b74c0-c009-df11-96da-00188b804fcd,Exhibition/Museum,P09
7a02b760-53b6-dd11-b898-00188b804fcd,123b74c0-c009-df11-96da-00188b804fcd,Exhibition/Museum,P09
9e2e0f17-56b6-dd11-b898-00188b804fcd,123b74c0-c009-df11-96da-00188b804fcd,Exhibition/Museum,P09
c7e20de0-e0da-e111-875f-00155d000f01,609103a9-c309-df11-96da-00188b804fcd,Travel,P10
3668ba7d-4c2f-de11-8d16-00188b804fcd,609103a9-c309-df11-96da-00188b804fcd,Travel,P10
f227e530-53b6-dd11-b898-00188b804fcd,609103a9-c309-df11-96da-00188b804fcd,Travel,P10
0028e530-53b6-dd11-b898-00188b804fcd,609103a9-c309-df11-96da-00188b804fcd,Travel,P10
1e28e530-53b6-dd11-b898-00188b804fcd,609103a9-c309-df11-96da-00188b804fcd,Travel,P10
8428e530-53b6-dd11-b898-00188b804fcd,609103a9-c309-df11-96da-00188b804fcd,Travel,P10
1cb4cb48-53b6-dd11-b898-00188b804fcd,609103a9-c309-df11-96da-00188b804fcd,Travel,P10
04a54f24-3602-e211-ab02-00155d001608,94775bf7-c309-df11-96da-00188b804fcd,Seed money/Innovation,P13
636d16e2-5202-de11-87d0-00188b804fcd,94775bf7-c309-df11-96da-00188b804fcd,Seed money/Innovation,P13
b0d0db36-53b6-dd11-b898-00188b804fcd,94775bf7-c309-df11-96da-00188b804fcd,Seed money/Innovation,P13
e4d0db36-53b6-dd11-b898-00188b804fcd,94775bf7-c309-df11-96da-00188b804fcd,Seed money/Innovation,P13
f5c8bd54-53b6-dd11-b898-00188b804fcd,94775bf7-c309-df11-96da-00188b804fcd,Seed money/Innovation,P13
c7e20de0-e0da-e111-875f-00155d000f01,8fa4514d-c409-df11-96da-00188b804fcd,Research,P14
4e3c58d4-b1f2-e211-85bf-00155d001608,8fa4514d-c409-df11-96da-00188b804fcd,Research,P14
add3baec-60a0-e211-92ae-00155d001608,8fa4514d-c409-df11-96da-00188b804fcd,Research,P14
2d44c330-3887-e211-adea-00155d001608,8fa4514d-c409-df11-96da-00188b804fcd,Research,P14
610a9dcc-1fb7-e211-b548-00155d001608,8fa4514d-c409-df11-96da-00188b804fcd,Research,P14
46e833d1-98a6-e211-bc1c-00155d001608,8fa4514d-c409-df11-96da-00188b804fcd,Research,P14
50be3687-3321-e311-bf0f-00155d001608,8fa4514d-c409-df11-96da-00188b804fcd,Research,P14
527541f8-b036-e111-8306-00155d001800,8fa4514d-c409-df11-96da-00188b804fcd,Research,P14
ece0126a-1ac5-e111-8421-00155d001800,8fa4514d-c409-df11-96da-00188b804fcd,Research,P14
38ec761b-3077-e111-af39-00155d001800,8fa4514d-c409-df11-96da-00188b804fcd,Research,P14
53973bb1-ec86-e511-8897-00155d33171d,8fa4514d-c409-df11-96da-00188b804fcd,Research,P14
5b35202a-96c6-e611-a3f7-00155d33171d,8fa4514d-c409-df11-96da-00188b804fcd,Research,P14
c4739860-041c-e611-b339-00155d33171d,8fa4514d-c409-df11-96da-00188b804fcd,Research,P14
9ae315bd-53ef-e411-b56b-00155d331923,8fa4514d-c409-df11-96da-00188b804fcd,Research,P14
6d10d185-f6f2-e411-b56b-00155d331923,8fa4514d-c409-df11-96da-00188b804fcd,Research,P14
6900d00d-c931-df11-8156-00188b804fcd,8fa4514d-c409-df11-96da-00188b804fcd,Research,P14
dc302c55-3aa5-df11-8416-00188b804fcd,8fa4514d-c409-df11-96da-00188b804fcd,Research,P14
40f512ab-d7fd-dd11-87d0-00188b804fcd,8fa4514d-c409-df11-96da-00188b804fcd,Research,P14
636d16e2-5202-de11-87d0-00188b804fcd,8fa4514d-c409-df11-96da-00188b804fcd,Research,P14
37ba8764-a017-de11-91f2-00188b804fcd,8fa4514d-c409-df11-96da-00188b804fcd,Research,P14
6824e278-948d-de11-95cc-00188b804fcd,8fa4514d-c409-df11-96da-00188b804fcd,Research,P14
4a1ce1c0-9f20-df11-aab6-00188b804fcd,8fa4514d-c409-df11-96da-00188b804fcd,Research,P14
fc27e530-53b6-dd11-b898-00188b804fcd,8fa4514d-c409-df11-96da-00188b804fcd,Research,P14
fd27e530-53b6-dd11-b898-00188b804fcd,8fa4514d-c409-df11-96da-00188b804fcd,Research,P14
ff27e530-53b6-dd11-b898-00188b804fcd,8fa4514d-c409-df11-96da-00188b804fcd,Research,P14
0028e530-53b6-dd11-b898-00188b804fcd,8fa4514d-c409-df11-96da-00188b804fcd,Research,P14
0328e530-53b6-dd11-b898-00188b804fcd,8fa4514d-c409-df11-96da-00188b804fcd,Research,P14
0a28e530-53b6-dd11-b898-00188b804fcd,8fa4514d-c409-df11-96da-00188b804fcd,Research,P14
1028e530-53b6-dd11-b898-00188b804fcd,8fa4514d-c409-df11-96da-00188b804fcd,Research,P14
1228e530-53b6-dd11-b898-00188b804fcd,8fa4514d-c409-df11-96da-00188b804fcd,Research,P14
1528e530-53b6-dd11-b898-00188b804fcd,8fa4514d-c409-df11-96da-00188b804fcd,Research,P14
1e28e530-53b6-dd11-b898-00188b804fcd,8fa4514d-c409-df11-96da-00188b804fcd,Research,P14
2528e530-53b6-dd11-b898-00188b804fcd,8fa4514d-c409-df11-96da-00188b804fcd,Research,P14
2828e530-53b6-dd11-b898-00188b804fcd,8fa4514d-c409-df11-96da-00188b804fcd,Research,P14
2c28e530-53b6-dd11-b898-00188b804fcd,8fa4514d-c409-df11-96da-00188b804fcd,Research,P14
2d28e530-53b6-dd11-b898-00188b804fcd,8fa4514d-c409-df11-96da-00188b804fcd,Research,P14
3728e530-53b6-dd11-b898-00188b804fcd,8fa4514d-c409-df11-96da-00188b804fcd,Research,P14
4e28e530-53b6-dd11-b898-00188b804fcd,8fa4514d-c409-df11-96da-00188b804fcd,Research,P14
5328e530-53b6-dd11-b898-00188b804fcd,8fa4514d-c409-df11-96da-00188b804fcd,Research,P14
6828e530-53b6-dd11-b898-00188b804fcd,8fa4514d-c409-df11-96da-00188b804fcd,Research,P14
8428e530-53b6-dd11-b898-00188b804fcd,8fa4514d-c409-df11-96da-00188b804fcd,Research,P14
8528e530-53b6-dd11-b898-00188b804fcd,8fa4514d-c409-df11-96da-00188b804fcd,Research,P14
ac28e530-53b6-dd11-b898-00188b804fcd,8fa4514d-c409-df11-96da-00188b804fcd,Research,P14
b0d0db36-53b6-dd11-b898-00188b804fcd,8fa4514d-c409-df11-96da-00188b804fcd,Research,P14
c5d0db36-53b6-dd11-b898-00188b804fcd,8fa4514d-c409-df11-96da-00188b804fcd,Research,P14
e1d0db36-53b6-dd11-b898-00188b804fcd,8fa4514d-c409-df11-96da-00188b804fcd,Research,P14
e4d0db36-53b6-dd11-b898-00188b804fcd,8fa4514d-c409-df11-96da-00188b804fcd,Research,P14
f3d0db36-53b6-dd11-b898-00188b804fcd,8fa4514d-c409-df11-96da-00188b804fcd,Research,P14
04d1db36-53b6-dd11-b898-00188b804fcd,8fa4514d-c409-df11-96da-00188b804fcd,Research,P14
56d1db36-53b6-dd11-b898-00188b804fcd,8fa4514d-c409-df11-96da-00188b804fcd,Research,P14
73d1db36-53b6-dd11-b898-00188b804fcd,8fa4514d-c409-df11-96da-00188b804fcd,Research,P14
1ddbd43c-53b6-dd11-b898-00188b804fcd,8fa4514d-c409-df11-96da-00188b804fcd,Research,P14
68dbd43c-53b6-dd11-b898-00188b804fcd,8fa4514d-c409-df11-96da-00188b804fcd,Research,P14
6cdbd43c-53b6-dd11-b898-00188b804fcd,8fa4514d-c409-df11-96da-00188b804fcd,Research,P14
6edbd43c-53b6-dd11-b898-00188b804fcd,8fa4514d-c409-df11-96da-00188b804fcd,Research,P14
84dbd43c-53b6-dd11-b898-00188b804fcd,8fa4514d-c409-df11-96da-00188b804fcd,Research,P14
89dbd43c-53b6-dd11-b898-00188b804fcd,8fa4514d-c409-df11-96da-00188b804fcd,Research,P14
8adbd43c-53b6-dd11-b898-00188b804fcd,8fa4514d-c409-df11-96da-00188b804fcd,Research,P14
8cdbd43c-53b6-dd11-b898-00188b804fcd,8fa4514d-c409-df11-96da-00188b804fcd,Research,P14
9fdbd43c-53b6-dd11-b898-00188b804fcd,8fa4514d-c409-df11-96da-00188b804fcd,Research,P14
a4dbd43c-53b6-dd11-b898-00188b804fcd,8fa4514d-c409-df11-96da-00188b804fcd,Research,P14
aedbd43c-53b6-dd11-b898-00188b804fcd,8fa4514d-c409-df11-96da-00188b804fcd,Research,P14
d4dbd43c-53b6-dd11-b898-00188b804fcd,8fa4514d-c409-df11-96da-00188b804fcd,Research,P14
c947d042-53b6-dd11-b898-00188b804fcd,8fa4514d-c409-df11-96da-00188b804fcd,Research,P14
6fb3cb48-53b6-dd11-b898-00188b804fcd,8fa4514d-c409-df11-96da-00188b804fcd,Research,P14
7bb3cb48-53b6-dd11-b898-00188b804fcd,8fa4514d-c409-df11-96da-00188b804fcd,Research,P14
a6b3cb48-53b6-dd11-b898-00188b804fcd,8fa4514d-c409-df11-96da-00188b804fcd,Research,P14
b2b3cb48-53b6-dd11-b898-00188b804fcd,8fa4514d-c409-df11-96da-00188b804fcd,Research,P14
f7b3cb48-53b6-dd11-b898-00188b804fcd,8fa4514d-c409-df11-96da-00188b804fcd,Research,P14
07b4cb48-53b6-dd11-b898-00188b804fcd,8fa4514d-c409-df11-96da-00188b804fcd,Research,P14
0fb4cb48-53b6-dd11-b898-00188b804fcd,8fa4514d-c409-df11-96da-00188b804fcd,Research,P14
18b4cb48-53b6-dd11-b898-00188b804fcd,8fa4514d-c409-df11-96da-00188b804fcd,Research,P14
1cbec44e-53b6-dd11-b898-00188b804fcd,8fa4514d-c409-df11-96da-00188b804fcd,Research,P14
47bec44e-53b6-dd11-b898-00188b804fcd,8fa4514d-c409-df11-96da-00188b804fcd,Research,P14
79bec44e-53b6-dd11-b898-00188b804fcd,8fa4514d-c409-df11-96da-00188b804fcd,Research,P14
69c8bd54-53b6-dd11-b898-00188b804fcd,8fa4514d-c409-df11-96da-00188b804fcd,Research,P14
4696bb5a-53b6-dd11-b898-00188b804fcd,8fa4514d-c409-df11-96da-00188b804fcd,Research,P14
8d96bb5a-53b6-dd11-b898-00188b804fcd,8fa4514d-c409-df11-96da-00188b804fcd,Research,P14
9396bb5a-53b6-dd11-b898-00188b804fcd,8fa4514d-c409-df11-96da-00188b804fcd,Research,P14
a596bb5a-53b6-dd11-b898-00188b804fcd,8fa4514d-c409-df11-96da-00188b804fcd,Research,P14
2e02b760-53b6-dd11-b898-00188b804fcd,8fa4514d-c409-df11-96da-00188b804fcd,Research,P14
410db066-53b6-dd11-b898-00188b804fcd,8fa4514d-c409-df11-96da-00188b804fcd,Research,P14
add3baec-60a0-e211-92ae-00155d001608,b9d3de30-c509-df11-96da-00188b804fcd,Scholarship,P11
610a9dcc-1fb7-e211-b548-00155d001608,b9d3de30-c509-df11-96da-00188b804fcd,Scholarship,P11
5232c1d6-33cc-e211-b8c9-00155d001608,b9d3de30-c509-df11-96da-00188b804fcd,Scholarship,P11
46e833d1-98a6-e211-bc1c-00155d001608,b9d3de30-c509-df11-96da-00188b804fcd,Scholarship,P11
a2c4dd4b-d99d-e111-900b-00155d001800,b9d3de30-c509-df11-96da-00188b804fcd,Scholarship,P11
38ec761b-3077-e111-af39-00155d001800,b9d3de30-c509-df11-96da-00188b804fcd,Scholarship,P11
53973bb1-ec86-e511-8897-00155d33171d,b9d3de30-c509-df11-96da-00188b804fcd,Scholarship,P11
5b35202a-96c6-e611-a3f7-00155d33171d,b9d3de30-c509-df11-96da-00188b804fcd,Scholarship,P11
29f510cf-6d87-e311-8702-00155d331818,b9d3de30-c509-df11-96da-00188b804fcd,Scholarship,P11
6d10d185-f6f2-e411-b56b-00155d331923,b9d3de30-c509-df11-96da-00188b804fcd,Scholarship,P11
bdb58136-59b7-df11-8416-00188b804fcd,b9d3de30-c509-df11-96da-00188b804fcd,Scholarship,P11
40f512ab-d7fd-dd11-87d0-00188b804fcd,b9d3de30-c509-df11-96da-00188b804fcd,Scholarship,P11
37ba8764-a017-de11-91f2-00188b804fcd,b9d3de30-c509-df11-96da-00188b804fcd,Scholarship,P11
fc27e530-53b6-dd11-b898-00188b804fcd,b9d3de30-c509-df11-96da-00188b804fcd,Scholarship,P11
ff27e530-53b6-dd11-b898-00188b804fcd,b9d3de30-c509-df11-96da-00188b804fcd,Scholarship,P11
1028e530-53b6-dd11-b898-00188b804fcd,b9d3de30-c509-df11-96da-00188b804fcd,Scholarship,P11
1528e530-53b6-dd11-b898-00188b804fcd,b9d3de30-c509-df11-96da-00188b804fcd,Scholarship,P11
1e28e530-53b6-dd11-b898-00188b804fcd,b9d3de30-c509-df11-96da-00188b804fcd,Scholarship,P11
2b28e530-53b6-dd11-b898-00188b804fcd,b9d3de30-c509-df11-96da-00188b804fcd,Scholarship,P11
4e28e530-53b6-dd11-b898-00188b804fcd,b9d3de30-c509-df11-96da-00188b804fcd,Scholarship,P11
5228e530-53b6-dd11-b898-00188b804fcd,b9d3de30-c509-df11-96da-00188b804fcd,Scholarship,P11
6028e530-53b6-dd11-b898-00188b804fcd,b9d3de30-c509-df11-96da-00188b804fcd,Scholarship,P11
8428e530-53b6-dd11-b898-00188b804fcd,b9d3de30-c509-df11-96da-00188b804fcd,Scholarship,P11
ac28e530-53b6-dd11-b898-00188b804fcd,b9d3de30-c509-df11-96da-00188b804fcd,Scholarship,P11
b0d0db36-53b6-dd11-b898-00188b804fcd,b9d3de30-c509-df11-96da-00188b804fcd,Scholarship,P11
c5d0db36-53b6-dd11-b898-00188b804fcd,b9d3de30-c509-df11-96da-00188b804fcd,Scholarship,P11
f7d0db36-53b6-dd11-b898-00188b804fcd,b9d3de30-c509-df11-96da-00188b804fcd,Scholarship,P11
04d1db36-53b6-dd11-b898-00188b804fcd,b9d3de30-c509-df11-96da-00188b804fcd,Scholarship,P11
40dbd43c-53b6-dd11-b898-00188b804fcd,b9d3de30-c509-df11-96da-00188b804fcd,Scholarship,P11
70dbd43c-53b6-dd11-b898-00188b804fcd,b9d3de30-c509-df11-96da-00188b804fcd,Scholarship,P11
84dbd43c-53b6-dd11-b898-00188b804fcd,b9d3de30-c509-df11-96da-00188b804fcd,Scholarship,P11
92dbd43c-53b6-dd11-b898-00188b804fcd,b9d3de30-c509-df11-96da-00188b804fcd,Scholarship,P11
95dbd43c-53b6-dd11-b898-00188b804fcd,b9d3de30-c509-df11-96da-00188b804fcd,Scholarship,P11
96dbd43c-53b6-dd11-b898-00188b804fcd,b9d3de30-c509-df11-96da-00188b804fcd,Scholarship,P11
a4dbd43c-53b6-dd11-b898-00188b804fcd,b9d3de30-c509-df11-96da-00188b804fcd,Scholarship,P11
d2dbd43c-53b6-dd11-b898-00188b804fcd,b9d3de30-c509-df11-96da-00188b804fcd,Scholarship,P11
d4dbd43c-53b6-dd11-b898-00188b804fcd,b9d3de30-c509-df11-96da-00188b804fcd,Scholarship,P11
80b3cb48-53b6-dd11-b898-00188b804fcd,b9d3de30-c509-df11-96da-00188b804fcd,Scholarship,P11
0fb4cb48-53b6-dd11-b898-00188b804fcd,b9d3de30-c509-df11-96da-00188b804fcd,Scholarship,P11
c7bdc44e-53b6-dd11-b898-00188b804fcd,b9d3de30-c509-df11-96da-00188b804fcd,Scholarship,P11
69c8bd54-53b6-dd11-b898-00188b804fcd,b9d3de30-c509-df11-96da-00188b804fcd,Scholarship,P11
a4c8bd54-53b6-dd11-b898-00188b804fcd,b9d3de30-c509-df11-96da-00188b804fcd,Scholarship,P11
0cc9bd54-53b6-dd11-b898-00188b804fcd,b9d3de30-c509-df11-96da-00188b804fcd,Scholarship,P11
3496bb5a-53b6-dd11-b898-00188b804fcd,b9d3de30-c509-df11-96da-00188b804fcd,Scholarship,P11
4696bb5a-53b6-dd11-b898-00188b804fcd,b9d3de30-c509-df11-96da-00188b804fcd,Scholarship,P11
c796bb5a-53b6-dd11-b898-00188b804fcd,b9d3de30-c509-df11-96da-00188b804fcd,Scholarship,P11
ee64c55e-97ab-e011-a27e-001ec9e8f280,b9d3de30-c509-df11-96da-00188b804fcd,Scholarship,P11
610a9dcc-1fb7-e211-b548-00155d001608,89d57a58-c509-df11-96da-00188b804fcd,Fellowship,P12
46e833d1-98a6-e211-bc1c-00155d001608,89d57a58-c509-df11-96da-00188b804fcd,Fellowship,P12
50be3687-3321-e311-bf0f-00155d001608,89d57a58-c509-df11-96da-00188b804fcd,Fellowship,P12
527541f8-b036-e111-8306-00155d001800,89d57a58-c509-df11-96da-00188b804fcd,Fellowship,P12
40f512ab-d7fd-dd11-87d0-00188b804fcd,89d57a58-c509-df11-96da-00188b804fcd,Fellowship,P12
636d16e2-5202-de11-87d0-00188b804fcd,89d57a58-c509-df11-96da-00188b804fcd,Fellowship,P12
fd27e530-53b6-dd11-b898-00188b804fcd,89d57a58-c509-df11-96da-00188b804fcd,Fellowship,P12
0a28e530-53b6-dd11-b898-00188b804fcd,89d57a58-c509-df11-96da-00188b804fcd,Fellowship,P12
1228e530-53b6-dd11-b898-00188b804fcd,89d57a58-c509-df11-96da-00188b804fcd,Fellowship,P12
2c28e530-53b6-dd11-b898-00188b804fcd,89d57a58-c509-df11-96da-00188b804fcd,Fellowship,P12
4528e530-53b6-dd11-b898-00188b804fcd,89d57a58-c509-df11-96da-00188b804fcd,Fellowship,P12
4628e530-53b6-dd11-b898-00188b804fcd,89d57a58-c509-df11-96da-00188b804fcd,Fellowship,P12
6c28e530-53b6-dd11-b898-00188b804fcd,89d57a58-c509-df11-96da-00188b804fcd,Fellowship,P12
9b28e530-53b6-dd11-b898-00188b804fcd,89d57a58-c509-df11-96da-00188b804fcd,Fellowship,P12
c5d0db36-53b6-dd11-b898-00188b804fcd,89d57a58-c509-df11-96da-00188b804fcd,Fellowship,P12
e1d0db36-53b6-dd11-b898-00188b804fcd,89d57a58-c509-df11-96da-00188b804fcd,Fellowship,P12
f3d0db36-53b6-dd11-b898-00188b804fcd,89d57a58-c509-df11-96da-00188b804fcd,Fellowship,P12
fdd0db36-53b6-dd11-b898-00188b804fcd,89d57a58-c509-df11-96da-00188b804fcd,Fellowship,P12
84dbd43c-53b6-dd11-b898-00188b804fcd,89d57a58-c509-df11-96da-00188b804fcd,Fellowship,P12
8cdbd43c-53b6-dd11-b898-00188b804fcd,89d57a58-c509-df11-96da-00188b804fcd,Fellowship,P12
92dbd43c-53b6-dd11-b898-00188b804fcd,89d57a58-c509-df11-96da-00188b804fcd,Fellowship,P12
95dbd43c-53b6-dd11-b898-00188b804fcd,89d57a58-c509-df11-96da-00188b804fcd,Fellowship,P12
9f47d042-53b6-dd11-b898-00188b804fcd,89d57a58-c509-df11-96da-00188b804fcd,Fellowship,P12
80b3cb48-53b6-dd11-b898-00188b804fcd,89d57a58-c509-df11-96da-00188b804fcd,Fellowship,P12
1cbec44e-53b6-dd11-b898-00188b804fcd,89d57a58-c509-df11-96da-00188b804fcd,Fellowship,P12
f5c8bd54-53b6-dd11-b898-00188b804fcd,89d57a58-c509-df11-96da-00188b804fcd,Fellowship,P12
2a96bb5a-53b6-dd11-b898-00188b804fcd,89d57a58-c509-df11-96da-00188b804fcd,Fellowship,P12
4796bb5a-53b6-dd11-b898-00188b804fcd,89d57a58-c509-df11-96da-00188b804fcd,Fellowship,P12
410db066-53b6-dd11-b898-00188b804fcd,89d57a58-c509-df11-96da-00188b804fcd,Fellowship,P12
add3baec-60a0-e211-92ae-00155d001608,c6afb4b5-c509-df11-96da-00188b804fcd,Public awareness raising,P15
46e833d1-98a6-e211-bc1c-00155d001608,c6afb4b5-c509-df11-96da-00188b804fcd,Public awareness raising,P15
c4739860-041c-e611-b339-00155d33171d,c6afb4b5-c509-df11-96da-00188b804fcd,Public awareness raising,P15
81c48129-c686-e411-b56b-00155d331923,c6afb4b5-c509-df11-96da-00188b804fcd,Public awareness raising,P15
9ae315bd-53ef-e411-b56b-00155d331923,c6afb4b5-c509-df11-96da-00188b804fcd,Public awareness raising,P15
6d10d185-f6f2-e411-b56b-00155d331923,c6afb4b5-c509-df11-96da-00188b804fcd,Public awareness raising,P15
dc302c55-3aa5-df11-8416-00188b804fcd,c6afb4b5-c509-df11-96da-00188b804fcd,Public awareness raising,P15
40f512ab-d7fd-dd11-87d0-00188b804fcd,c6afb4b5-c509-df11-96da-00188b804fcd,Public awareness raising,P15
7ec26d22-a176-de11-91ea-00188b804fcd,c6afb4b5-c509-df11-96da-00188b804fcd,Public awareness raising,P15
1528e530-53b6-dd11-b898-00188b804fcd,c6afb4b5-c509-df11-96da-00188b804fcd,Public awareness raising,P15
2528e530-53b6-dd11-b898-00188b804fcd,c6afb4b5-c509-df11-96da-00188b804fcd,Public awareness raising,P15
4528e530-53b6-dd11-b898-00188b804fcd,c6afb4b5-c509-df11-96da-00188b804fcd,Public awareness raising,P15
7d28e530-53b6-dd11-b898-00188b804fcd,c6afb4b5-c509-df11-96da-00188b804fcd,Public awareness raising,P15
8528e530-53b6-dd11-b898-00188b804fcd,c6afb4b5-c509-df11-96da-00188b804fcd,Public awareness raising,P15
1ddbd43c-53b6-dd11-b898-00188b804fcd,c6afb4b5-c509-df11-96da-00188b804fcd,Public awareness raising,P15
68dbd43c-53b6-dd11-b898-00188b804fcd,c6afb4b5-c509-df11-96da-00188b804fcd,Public awareness raising,P15
d4dbd43c-53b6-dd11-b898-00188b804fcd,c6afb4b5-c509-df11-96da-00188b804fcd,Public awareness raising,P15
c947d042-53b6-dd11-b898-00188b804fcd,c6afb4b5-c509-df11-96da-00188b804fcd,Public awareness raising,P15
18b4cb48-53b6-dd11-b898-00188b804fcd,c6afb4b5-c509-df11-96da-00188b804fcd,Public awareness raising,P15
4402b760-53b6-dd11-b898-00188b804fcd,c6afb4b5-c509-df11-96da-00188b804fcd,Public awareness raising,P15
a702b760-53b6-dd11-b898-00188b804fcd,c6afb4b5-c509-df11-96da-00188b804fcd,Public awareness raising,P15
230db066-53b6-dd11-b898-00188b804fcd,c6afb4b5-c509-df11-96da-00188b804fcd,Public awareness raising,P15
876af96b-e7ab-e211-8907-00155d001608,f9cce4d3-c609-df11-96da-00188b804fcd,Educational/Training programmes,P18
04a54f24-3602-e211-ab02-00155d001608,f9cce4d3-c609-df11-96da-00188b804fcd,Educational/Training programmes,P18
5232c1d6-33cc-e211-b8c9-00155d001608,f9cce4d3-c609-df11-96da-00188b804fcd,Educational/Training programmes,P18
46e833d1-98a6-e211-bc1c-00155d001608,f9cce4d3-c609-df11-96da-00188b804fcd,Educational/Training programmes,P18
ece0126a-1ac5-e111-8421-00155d001800,f9cce4d3-c609-df11-96da-00188b804fcd,Educational/Training programmes,P18
53973bb1-ec86-e511-8897-00155d33171d,f9cce4d3-c609-df11-96da-00188b804fcd,Educational/Training programmes,P18
ca52fa31-97d4-e511-905d-00155d33171d,f9cce4d3-c609-df11-96da-00188b804fcd,Educational/Training programmes,P18
c4739860-041c-e611-b339-00155d33171d,f9cce4d3-c609-df11-96da-00188b804fcd,Educational/Training programmes,P18
ff3dc4a4-1629-e411-8caf-00155d331923,f9cce4d3-c609-df11-96da-00188b804fcd,Educational/Training programmes,P18
f7bda557-8fb6-e411-b56b-00155d331923,f9cce4d3-c609-df11-96da-00188b804fcd,Educational/Training programmes,P18
9ae315bd-53ef-e411-b56b-00155d331923,f9cce4d3-c609-df11-96da-00188b804fcd,Educational/Training programmes,P18
40f512ab-d7fd-dd11-87d0-00188b804fcd,f9cce4d3-c609-df11-96da-00188b804fcd,Educational/Training programmes,P18
636d16e2-5202-de11-87d0-00188b804fcd,f9cce4d3-c609-df11-96da-00188b804fcd,Educational/Training programmes,P18
7ec26d22-a176-de11-91ea-00188b804fcd,f9cce4d3-c609-df11-96da-00188b804fcd,Educational/Training programmes,P18
6824e278-948d-de11-95cc-00188b804fcd,f9cce4d3-c609-df11-96da-00188b804fcd,Educational/Training programmes,P18
de902966-3e3a-de11-96fa-00188b804fcd,f9cce4d3-c609-df11-96da-00188b804fcd,Educational/Training programmes,P18
f227e530-53b6-dd11-b898-00188b804fcd,f9cce4d3-c609-df11-96da-00188b804fcd,Educational/Training programmes,P18
fa27e530-53b6-dd11-b898-00188b804fcd,f9cce4d3-c609-df11-96da-00188b804fcd,Educational/Training programmes,P18
0a28e530-53b6-dd11-b898-00188b804fcd,f9cce4d3-c609-df11-96da-00188b804fcd,Educational/Training programmes,P18
2c28e530-53b6-dd11-b898-00188b804fcd,f9cce4d3-c609-df11-96da-00188b804fcd,Educational/Training programmes,P18
3728e530-53b6-dd11-b898-00188b804fcd,f9cce4d3-c609-df11-96da-00188b804fcd,Educational/Training programmes,P18
7d28e530-53b6-dd11-b898-00188b804fcd,f9cce4d3-c609-df11-96da-00188b804fcd,Educational/Training programmes,P18
8528e530-53b6-dd11-b898-00188b804fcd,f9cce4d3-c609-df11-96da-00188b804fcd,Educational/Training programmes,P18
b0d0db36-53b6-dd11-b898-00188b804fcd,f9cce4d3-c609-df11-96da-00188b804fcd,Educational/Training programmes,P18
e1d0db36-53b6-dd11-b898-00188b804fcd,f9cce4d3-c609-df11-96da-00188b804fcd,Educational/Training programmes,P18
04d1db36-53b6-dd11-b898-00188b804fcd,f9cce4d3-c609-df11-96da-00188b804fcd,Educational/Training programmes,P18
56d1db36-53b6-dd11-b898-00188b804fcd,f9cce4d3-c609-df11-96da-00188b804fcd,Educational/Training programmes,P18
68dbd43c-53b6-dd11-b898-00188b804fcd,f9cce4d3-c609-df11-96da-00188b804fcd,Educational/Training programmes,P18
70dbd43c-53b6-dd11-b898-00188b804fcd,f9cce4d3-c609-df11-96da-00188b804fcd,Educational/Training programmes,P18
84dbd43c-53b6-dd11-b898-00188b804fcd,f9cce4d3-c609-df11-96da-00188b804fcd,Educational/Training programmes,P18
89dbd43c-53b6-dd11-b898-00188b804fcd,f9cce4d3-c609-df11-96da-00188b804fcd,Educational/Training programmes,P18
9fdbd43c-53b6-dd11-b898-00188b804fcd,f9cce4d3-c609-df11-96da-00188b804fcd,Educational/Training programmes,P18
a4dbd43c-53b6-dd11-b898-00188b804fcd,f9cce4d3-c609-df11-96da-00188b804fcd,Educational/Training programmes,P18
aedbd43c-53b6-dd11-b898-00188b804fcd,f9cce4d3-c609-df11-96da-00188b804fcd,Educational/Training programmes,P18
b6dbd43c-53b6-dd11-b898-00188b804fcd,f9cce4d3-c609-df11-96da-00188b804fcd,Educational/Training programmes,P18
d4dbd43c-53b6-dd11-b898-00188b804fcd,f9cce4d3-c609-df11-96da-00188b804fcd,Educational/Training programmes,P18
c947d042-53b6-dd11-b898-00188b804fcd,f9cce4d3-c609-df11-96da-00188b804fcd,Educational/Training programmes,P18
ddb3cb48-53b6-dd11-b898-00188b804fcd,f9cce4d3-c609-df11-96da-00188b804fcd,Educational/Training programmes,P18
0fb4cb48-53b6-dd11-b898-00188b804fcd,f9cce4d3-c609-df11-96da-00188b804fcd,Educational/Training programmes,P18
1cbec44e-53b6-dd11-b898-00188b804fcd,f9cce4d3-c609-df11-96da-00188b804fcd,Educational/Training programmes,P18
2ebec44e-53b6-dd11-b898-00188b804fcd,f9cce4d3-c609-df11-96da-00188b804fcd,Educational/Training programmes,P18
47bec44e-53b6-dd11-b898-00188b804fcd,f9cce4d3-c609-df11-96da-00188b804fcd,Educational/Training programmes,P18
69c8bd54-53b6-dd11-b898-00188b804fcd,f9cce4d3-c609-df11-96da-00188b804fcd,Educational/Training programmes,P18
f1c8bd54-53b6-dd11-b898-00188b804fcd,f9cce4d3-c609-df11-96da-00188b804fcd,Educational/Training programmes,P18
3e96bb5a-53b6-dd11-b898-00188b804fcd,f9cce4d3-c609-df11-96da-00188b804fcd,Educational/Training programmes,P18
4696bb5a-53b6-dd11-b898-00188b804fcd,f9cce4d3-c609-df11-96da-00188b804fcd,Educational/Training programmes,P18
9796bb5a-53b6-dd11-b898-00188b804fcd,f9cce4d3-c609-df11-96da-00188b804fcd,Educational/Training programmes,P18
c796bb5a-53b6-dd11-b898-00188b804fcd,f9cce4d3-c609-df11-96da-00188b804fcd,Educational/Training programmes,P18
4402b760-53b6-dd11-b898-00188b804fcd,f9cce4d3-c609-df11-96da-00188b804fcd,Educational/Training programmes,P18
876af96b-e7ab-e211-8907-00155d001608,62ff4e96-c709-df11-96da-00188b804fcd,Capacity Building/Organisation Development,P16
e83b7c66-4da3-e211-bc1c-00155d001608,62ff4e96-c709-df11-96da-00188b804fcd,Capacity Building/Organisation Development,P16
fdad9cb4-4066-e311-bb67-00155d33170f,62ff4e96-c709-df11-96da-00188b804fcd,Capacity Building/Organisation Development,P16
53973bb1-ec86-e511-8897-00155d33171d,62ff4e96-c709-df11-96da-00188b804fcd,Capacity Building/Organisation Development,P16
ca52fa31-97d4-e511-905d-00155d33171d,62ff4e96-c709-df11-96da-00188b804fcd,Capacity Building/Organisation Development,P16
9ae315bd-53ef-e411-b56b-00155d331923,62ff4e96-c709-df11-96da-00188b804fcd,Capacity Building/Organisation Development,P16
e2cb1a06-d10d-e511-b56b-00155d331923,62ff4e96-c709-df11-96da-00188b804fcd,Capacity Building/Organisation Development,P16
f227e530-53b6-dd11-b898-00188b804fcd,62ff4e96-c709-df11-96da-00188b804fcd,Capacity Building/Organisation Development,P16
fa27e530-53b6-dd11-b898-00188b804fcd,62ff4e96-c709-df11-96da-00188b804fcd,Capacity Building/Organisation Development,P16
0a28e530-53b6-dd11-b898-00188b804fcd,62ff4e96-c709-df11-96da-00188b804fcd,Capacity Building/Organisation Development,P16
2928e530-53b6-dd11-b898-00188b804fcd,62ff4e96-c709-df11-96da-00188b804fcd,Capacity Building/Organisation Development,P16
5228e530-53b6-dd11-b898-00188b804fcd,62ff4e96-c709-df11-96da-00188b804fcd,Capacity Building/Organisation Development,P16
7d28e530-53b6-dd11-b898-00188b804fcd,62ff4e96-c709-df11-96da-00188b804fcd,Capacity Building/Organisation Development,P16
8528e530-53b6-dd11-b898-00188b804fcd,62ff4e96-c709-df11-96da-00188b804fcd,Capacity Building/Organisation Development,P16
b0d0db36-53b6-dd11-b898-00188b804fcd,62ff4e96-c709-df11-96da-00188b804fcd,Capacity Building/Organisation Development,P16
68dbd43c-53b6-dd11-b898-00188b804fcd,62ff4e96-c709-df11-96da-00188b804fcd,Capacity Building/Organisation Development,P16
72dbd43c-53b6-dd11-b898-00188b804fcd,62ff4e96-c709-df11-96da-00188b804fcd,Capacity Building/Organisation Development,P16
aedbd43c-53b6-dd11-b898-00188b804fcd,62ff4e96-c709-df11-96da-00188b804fcd,Capacity Building/Organisation Development,P16
d4dbd43c-53b6-dd11-b898-00188b804fcd,62ff4e96-c709-df11-96da-00188b804fcd,Capacity Building/Organisation Development,P16
4e47d042-53b6-dd11-b898-00188b804fcd,62ff4e96-c709-df11-96da-00188b804fcd,Capacity Building/Organisation Development,P16
c947d042-53b6-dd11-b898-00188b804fcd,62ff4e96-c709-df11-96da-00188b804fcd,Capacity Building/Organisation Development,P16
b2b3cb48-53b6-dd11-b898-00188b804fcd,62ff4e96-c709-df11-96da-00188b804fcd,Capacity Building/Organisation Development,P16
18b4cb48-53b6-dd11-b898-00188b804fcd,62ff4e96-c709-df11-96da-00188b804fcd,Capacity Building/Organisation Development,P16
47bec44e-53b6-dd11-b898-00188b804fcd,62ff4e96-c709-df11-96da-00188b804fcd,Capacity Building/Organisation Development,P16
f5c8bd54-53b6-dd11-b898-00188b804fcd,62ff4e96-c709-df11-96da-00188b804fcd,Capacity Building/Organisation Development,P16
3e96bb5a-53b6-dd11-b898-00188b804fcd,62ff4e96-c709-df11-96da-00188b804fcd,Capacity Building/Organisation Development,P16
4796bb5a-53b6-dd11-b898-00188b804fcd,62ff4e96-c709-df11-96da-00188b804fcd,Capacity Building/Organisation Development,P16
8c96bb5a-53b6-dd11-b898-00188b804fcd,62ff4e96-c709-df11-96da-00188b804fcd,Capacity Building/Organisation Development,P16
4402b760-53b6-dd11-b898-00188b804fcd,62ff4e96-c709-df11-96da-00188b804fcd,Capacity Building/Organisation Development,P16
230db066-53b6-dd11-b898-00188b804fcd,62ff4e96-c709-df11-96da-00188b804fcd,Capacity Building/Organisation Development,P16
46e833d1-98a6-e211-bc1c-00155d001608,46052e06-c809-df11-96da-00188b804fcd,Advocacy,P17
ece0126a-1ac5-e111-8421-00155d001800,46052e06-c809-df11-96da-00188b804fcd,Advocacy,P17
53973bb1-ec86-e511-8897-00155d33171d,46052e06-c809-df11-96da-00188b804fcd,Advocacy,P17
81c48129-c686-e411-b56b-00155d331923,46052e06-c809-df11-96da-00188b804fcd,Advocacy,P17
9ae315bd-53ef-e411-b56b-00155d331923,46052e06-c809-df11-96da-00188b804fcd,Advocacy,P17
e2cb1a06-d10d-e511-b56b-00155d331923,46052e06-c809-df11-96da-00188b804fcd,Advocacy,P17
c69aa4ac-3280-df11-8416-00188b804fcd,46052e06-c809-df11-96da-00188b804fcd,Advocacy,P17
f227e530-53b6-dd11-b898-00188b804fcd,46052e06-c809-df11-96da-00188b804fcd,Advocacy,P17
fc27e530-53b6-dd11-b898-00188b804fcd,46052e06-c809-df11-96da-00188b804fcd,Advocacy,P17
0a28e530-53b6-dd11-b898-00188b804fcd,46052e06-c809-df11-96da-00188b804fcd,Advocacy,P17
2528e530-53b6-dd11-b898-00188b804fcd,46052e06-c809-df11-96da-00188b804fcd,Advocacy,P17
2828e530-53b6-dd11-b898-00188b804fcd,46052e06-c809-df11-96da-00188b804fcd,Advocacy,P17
2b28e530-53b6-dd11-b898-00188b804fcd,46052e06-c809-df11-96da-00188b804fcd,Advocacy,P17
3728e530-53b6-dd11-b898-00188b804fcd,46052e06-c809-df11-96da-00188b804fcd,Advocacy,P17
4528e530-53b6-dd11-b898-00188b804fcd,46052e06-c809-df11-96da-00188b804fcd,Advocacy,P17
5328e530-53b6-dd11-b898-00188b804fcd,46052e06-c809-df11-96da-00188b804fcd,Advocacy,P17
6828e530-53b6-dd11-b898-00188b804fcd,46052e06-c809-df11-96da-00188b804fcd,Advocacy,P17
7d28e530-53b6-dd11-b898-00188b804fcd,46052e06-c809-df11-96da-00188b804fcd,Advocacy,P17
abd0db36-53b6-dd11-b898-00188b804fcd,46052e06-c809-df11-96da-00188b804fcd,Advocacy,P17
f7d0db36-53b6-dd11-b898-00188b804fcd,46052e06-c809-df11-96da-00188b804fcd,Advocacy,P17
1ddbd43c-53b6-dd11-b898-00188b804fcd,46052e06-c809-df11-96da-00188b804fcd,Advocacy,P17
90dbd43c-53b6-dd11-b898-00188b804fcd,46052e06-c809-df11-96da-00188b804fcd,Advocacy,P17
9fdbd43c-53b6-dd11-b898-00188b804fcd,46052e06-c809-df11-96da-00188b804fcd,Advocacy,P17
a2dbd43c-53b6-dd11-b898-00188b804fcd,46052e06-c809-df11-96da-00188b804fcd,Advocacy,P17
c947d042-53b6-dd11-b898-00188b804fcd,46052e06-c809-df11-96da-00188b804fcd,Advocacy,P17
6fb3cb48-53b6-dd11-b898-00188b804fcd,46052e06-c809-df11-96da-00188b804fcd,Advocacy,P17
b2b3cb48-53b6-dd11-b898-00188b804fcd,46052e06-c809-df11-96da-00188b804fcd,Advocacy,P17
0fb4cb48-53b6-dd11-b898-00188b804fcd,46052e06-c809-df11-96da-00188b804fcd,Advocacy,P17
18b4cb48-53b6-dd11-b898-00188b804fcd,46052e06-c809-df11-96da-00188b804fcd,Advocacy,P17
0cc9bd54-53b6-dd11-b898-00188b804fcd,46052e06-c809-df11-96da-00188b804fcd,Advocacy,P17
4796bb5a-53b6-dd11-b898-00188b804fcd,46052e06-c809-df11-96da-00188b804fcd,Advocacy,P17
8c96bb5a-53b6-dd11-b898-00188b804fcd,46052e06-c809-df11-96da-00188b804fcd,Advocacy,P17
a702b760-53b6-dd11-b898-00188b804fcd,46052e06-c809-df11-96da-00188b804fcd,Advocacy,P17
230db066-53b6-dd11-b898-00188b804fcd,46052e06-c809-df11-96da-00188b804fcd,Advocacy,P17
c7e20de0-e0da-e111-875f-00155d000f01,be335032-ca09-df11-96da-00188b804fcd,Grant,F01
93d2129a-3a5a-e211-8129-00155d001608,be335032-ca09-df11-96da-00188b804fcd,Grant,F01
876af96b-e7ab-e211-8907-00155d001608,be335032-ca09-df11-96da-00188b804fcd,Grant,F01
add3baec-60a0-e211-92ae-00155d001608,be335032-ca09-df11-96da-00188b804fcd,Grant,F01
ae0cdd08-f7ed-e211-945b-00155d001608,be335032-ca09-df11-96da-00188b804fcd,Grant,F01
ad0860f8-82d9-e211-aa2c-00155d001608,be335032-ca09-df11-96da-00188b804fcd,Grant,F01
2d44c330-3887-e211-adea-00155d001608,be335032-ca09-df11-96da-00188b804fcd,Grant,F01
610a9dcc-1fb7-e211-b548-00155d001608,be335032-ca09-df11-96da-00188b804fcd,Grant,F01
f027ef3b-a3bb-e211-b548-00155d001608,be335032-ca09-df11-96da-00188b804fcd,Grant,F01
e83b7c66-4da3-e211-bc1c-00155d001608,be335032-ca09-df11-96da-00188b804fcd,Grant,F01
46e833d1-98a6-e211-bc1c-00155d001608,be335032-ca09-df11-96da-00188b804fcd,Grant,F01
f6ad9a5b-ff20-e311-bf0f-00155d001608,be335032-ca09-df11-96da-00188b804fcd,Grant,F01
50be3687-3321-e311-bf0f-00155d001608,be335032-ca09-df11-96da-00188b804fcd,Grant,F01
ece0126a-1ac5-e111-8421-00155d001800,be335032-ca09-df11-96da-00188b804fcd,Grant,F01
fdad9cb4-4066-e311-bb67-00155d33170f,be335032-ca09-df11-96da-00188b804fcd,Grant,F01
53973bb1-ec86-e511-8897-00155d33171d,be335032-ca09-df11-96da-00188b804fcd,Grant,F01
ca52fa31-97d4-e511-905d-00155d33171d,be335032-ca09-df11-96da-00188b804fcd,Grant,F01
5b35202a-96c6-e611-a3f7-00155d33171d,be335032-ca09-df11-96da-00188b804fcd,Grant,F01
c4739860-041c-e611-b339-00155d33171d,be335032-ca09-df11-96da-00188b804fcd,Grant,F01
29f510cf-6d87-e311-8702-00155d331818,be335032-ca09-df11-96da-00188b804fcd,Grant,F01
825d2e30-0629-e411-8caf-00155d331923,be335032-ca09-df11-96da-00188b804fcd,Grant,F01
ff3dc4a4-1629-e411-8caf-00155d331923,be335032-ca09-df11-96da-00188b804fcd,Grant,F01
81c48129-c686-e411-b56b-00155d331923,be335032-ca09-df11-96da-00188b804fcd,Grant,F01
32078e4d-059c-e411-b56b-00155d331923,be335032-ca09-df11-96da-00188b804fcd,Grant,F01
9a34d505-32c7-e411-b56b-00155d331923,be335032-ca09-df11-96da-00188b804fcd,Grant,F01
81e104de-69d1-e411-b56b-00155d331923,be335032-ca09-df11-96da-00188b804fcd,Grant,F01
6d10d185-f6f2-e411-b56b-00155d331923,be335032-ca09-df11-96da-00188b804fcd,Grant,F01
e2cb1a06-d10d-e511-b56b-00155d331923,be335032-ca09-df11-96da-00188b804fcd,Grant,F01
40f512ab-d7fd-dd11-87d0-00188b804fcd,be335032-ca09-df11-96da-00188b804fcd,Grant,F01
0f708994-910d-de11-87d0-00188b804fcd,be335032-ca09-df11-96da-00188b804fcd,Grant,F01
0ef7c530-422f-de11-8d16-00188b804fcd,be335032-ca09-df11-96da-00188b804fcd,Grant,F01
7ec26d22-a176-de11-91ea-00188b804fcd,be335032-ca09-df11-96da-00188b804fcd,Grant,F01
37ba8764-a017-de11-91f2-00188b804fcd,be335032-ca09-df11-96da-00188b804fcd,Grant,F01
6824e278-948d-de11-95cc-00188b804fcd,be335032-ca09-df11-96da-00188b804fcd,Grant,F01
de902966-3e3a-de11-96fa-00188b804fcd,be335032-ca09-df11-96da-00188b804fcd,Grant,F01
f227e530-53b6-dd11-b898-00188b804fcd,be335032-ca09-df11-96da-00188b804fcd,Grant,F01
f927e530-53b6-dd11-b898-00188b804fcd,be335032-ca09-df11-96da-00188b804fcd,Grant,F01
fc27e530-53b6-dd11-b898-00188b804fcd,be335032-ca09-df11-96da-00188b804fcd,Grant,F01
ff27e530-53b6-dd11-b898-00188b804fcd,be335032-ca09-df11-96da-00188b804fcd,Grant,F01
0028e530-53b6-dd11-b898-00188b804fcd,be335032-ca09-df11-96da-00188b804fcd,Grant,F01
0328e530-53b6-dd11-b898-00188b804fcd,be335032-ca09-df11-96da-00188b804fcd,Grant,F01
0a28e530-53b6-dd11-b898-00188b804fcd,be335032-ca09-df11-96da-00188b804fcd,Grant,F01
2528e530-53b6-dd11-b898-00188b804fcd,be335032-ca09-df11-96da-00188b804fcd,Grant,F01
2828e530-53b6-dd11-b898-00188b804fcd,be335032-ca09-df11-96da-00188b804fcd,Grant,F01
2928e530-53b6-dd11-b898-00188b804fcd,be335032-ca09-df11-96da-00188b804fcd,Grant,F01
2b28e530-53b6-dd11-b898-00188b804fcd,be335032-ca09-df11-96da-00188b804fcd,Grant,F01
2c28e530-53b6-dd11-b898-00188b804fcd,be335032-ca09-df11-96da-00188b804fcd,Grant,F01
2d28e530-53b6-dd11-b898-00188b804fcd,be335032-ca09-df11-96da-00188b804fcd,Grant,F01
3828e530-53b6-dd11-b898-00188b804fcd,be335032-ca09-df11-96da-00188b804fcd,Grant,F01
4528e530-53b6-dd11-b898-00188b804fcd,be335032-ca09-df11-96da-00188b804fcd,Grant,F01
4628e530-53b6-dd11-b898-00188b804fcd,be335032-ca09-df11-96da-00188b804fcd,Grant,F01
5228e530-53b6-dd11-b898-00188b804fcd,be335032-ca09-df11-96da-00188b804fcd,Grant,F01
6828e530-53b6-dd11-b898-00188b804fcd,be335032-ca09-df11-96da-00188b804fcd,Grant,F01
7d28e530-53b6-dd11-b898-00188b804fcd,be335032-ca09-df11-96da-00188b804fcd,Grant,F01
8528e530-53b6-dd11-b898-00188b804fcd,be335032-ca09-df11-96da-00188b804fcd,Grant,F01
9f28e530-53b6-dd11-b898-00188b804fcd,be335032-ca09-df11-96da-00188b804fcd,Grant,F01
bb28e530-53b6-dd11-b898-00188b804fcd,be335032-ca09-df11-96da-00188b804fcd,Grant,F01
b4d0db36-53b6-dd11-b898-00188b804fcd,be335032-ca09-df11-96da-00188b804fcd,Grant,F01
c5d0db36-53b6-dd11-b898-00188b804fcd,be335032-ca09-df11-96da-00188b804fcd,Grant,F01
d6d0db36-53b6-dd11-b898-00188b804fcd,be335032-ca09-df11-96da-00188b804fcd,Grant,F01
e1d0db36-53b6-dd11-b898-00188b804fcd,be335032-ca09-df11-96da-00188b804fcd,Grant,F01
e4d0db36-53b6-dd11-b898-00188b804fcd,be335032-ca09-df11-96da-00188b804fcd,Grant,F01
e9d0db36-53b6-dd11-b898-00188b804fcd,be335032-ca09-df11-96da-00188b804fcd,Grant,F01
f3d0db36-53b6-dd11-b898-00188b804fcd,be335032-ca09-df11-96da-00188b804fcd,Grant,F01
f7d0db36-53b6-dd11-b898-00188b804fcd,be335032-ca09-df11-96da-00188b804fcd,Grant,F01
fdd0db36-53b6-dd11-b898-00188b804fcd,be335032-ca09-df11-96da-00188b804fcd,Grant,F01
04d1db36-53b6-dd11-b898-00188b804fcd,be335032-ca09-df11-96da-00188b804fcd,Grant,F01
1ed1db36-53b6-dd11-b898-00188b804fcd,be335032-ca09-df11-96da-00188b804fcd,Grant,F01
73d1db36-53b6-dd11-b898-00188b804fcd,be335032-ca09-df11-96da-00188b804fcd,Grant,F01
51dbd43c-53b6-dd11-b898-00188b804fcd,be335032-ca09-df11-96da-00188b804fcd,Grant,F01
68dbd43c-53b6-dd11-b898-00188b804fcd,be335032-ca09-df11-96da-00188b804fcd,Grant,F01
6edbd43c-53b6-dd11-b898-00188b804fcd,be335032-ca09-df11-96da-00188b804fcd,Grant,F01
72dbd43c-53b6-dd11-b898-00188b804fcd,be335032-ca09-df11-96da-00188b804fcd,Grant,F01
82dbd43c-53b6-dd11-b898-00188b804fcd,be335032-ca09-df11-96da-00188b804fcd,Grant,F01
84dbd43c-53b6-dd11-b898-00188b804fcd,be335032-ca09-df11-96da-00188b804fcd,Grant,F01
86dbd43c-53b6-dd11-b898-00188b804fcd,be335032-ca09-df11-96da-00188b804fcd,Grant,F01
89dbd43c-53b6-dd11-b898-00188b804fcd,be335032-ca09-df11-96da-00188b804fcd,Grant,F01
8adbd43c-53b6-dd11-b898-00188b804fcd,be335032-ca09-df11-96da-00188b804fcd,Grant,F01
8cdbd43c-53b6-dd11-b898-00188b804fcd,be335032-ca09-df11-96da-00188b804fcd,Grant,F01
90dbd43c-53b6-dd11-b898-00188b804fcd,be335032-ca09-df11-96da-00188b804fcd,Grant,F01
92dbd43c-53b6-dd11-b898-00188b804fcd,be335032-ca09-df11-96da-00188b804fcd,Grant,F01
95dbd43c-53b6-dd11-b898-00188b804fcd,be335032-ca09-df11-96da-00188b804fcd,Grant,F01
96dbd43c-53b6-dd11-b898-00188b804fcd,be335032-ca09-df11-96da-00188b804fcd,Grant,F01
9fdbd43c-53b6-dd11-b898-00188b804fcd,be335032-ca09-df11-96da-00188b804fcd,Grant,F01
a2dbd43c-53b6-dd11-b898-00188b804fcd,be335032-ca09-df11-96da-00188b804fcd,Grant,F01
a4dbd43c-53b6-dd11-b898-00188b804fcd,be335032-ca09-df11-96da-00188b804fcd,Grant,F01
aadbd43c-53b6-dd11-b898-00188b804fcd,be335032-ca09-df11-96da-00188b804fcd,Grant,F01
aedbd43c-53b6-dd11-b898-00188b804fcd,be335032-ca09-df11-96da-00188b804fcd,Grant,F01
d2dbd43c-53b6-dd11-b898-00188b804fcd,be335032-ca09-df11-96da-00188b804fcd,Grant,F01
dbdbd43c-53b6-dd11-b898-00188b804fcd,be335032-ca09-df11-96da-00188b804fcd,Grant,F01
dfdbd43c-53b6-dd11-b898-00188b804fcd,be335032-ca09-df11-96da-00188b804fcd,Grant,F01
4e47d042-53b6-dd11-b898-00188b804fcd,be335032-ca09-df11-96da-00188b804fcd,Grant,F01
9f47d042-53b6-dd11-b898-00188b804fcd,be335032-ca09-df11-96da-00188b804fcd,Grant,F01
c947d042-53b6-dd11-b898-00188b804fcd,be335032-ca09-df11-96da-00188b804fcd,Grant,F01
7bb3cb48-53b6-dd11-b898-00188b804fcd,be335032-ca09-df11-96da-00188b804fcd,Grant,F01
8ab3cb48-53b6-dd11-b898-00188b804fcd,be335032-ca09-df11-96da-00188b804fcd,Grant,F01
a6b3cb48-53b6-dd11-b898-00188b804fcd,be335032-ca09-df11-96da-00188b804fcd,Grant,F01
b2b3cb48-53b6-dd11-b898-00188b804fcd,be335032-ca09-df11-96da-00188b804fcd,Grant,F01
ddb3cb48-53b6-dd11-b898-00188b804fcd,be335032-ca09-df11-96da-00188b804fcd,Grant,F01
f7b3cb48-53b6-dd11-b898-00188b804fcd,be335032-ca09-df11-96da-00188b804fcd,Grant,F01
fab3cb48-53b6-dd11-b898-00188b804fcd,be335032-ca09-df11-96da-00188b804fcd,Grant,F01
fcb3cb48-53b6-dd11-b898-00188b804fcd,be335032-ca09-df11-96da-00188b804fcd,Grant,F01
feb3cb48-53b6-dd11-b898-00188b804fcd,be335032-ca09-df11-96da-00188b804fcd,Grant,F01
07b4cb48-53b6-dd11-b898-00188b804fcd,be335032-ca09-df11-96da-00188b804fcd,Grant,F01
0fb4cb48-53b6-dd11-b898-00188b804fcd,be335032-ca09-df11-96da-00188b804fcd,Grant,F01
18b4cb48-53b6-dd11-b898-00188b804fcd,be335032-ca09-df11-96da-00188b804fcd,Grant,F01
1cb4cb48-53b6-dd11-b898-00188b804fcd,be335032-ca09-df11-96da-00188b804fcd,Grant,F01
c7bdc44e-53b6-dd11-b898-00188b804fcd,be335032-ca09-df11-96da-00188b804fcd,Grant,F01
1cbec44e-53b6-dd11-b898-00188b804fcd,be335032-ca09-df11-96da-00188b804fcd,Grant,F01
2ebec44e-53b6-dd11-b898-00188b804fcd,be335032-ca09-df11-96da-00188b804fcd,Grant,F01
47bec44e-53b6-dd11-b898-00188b804fcd,be335032-ca09-df11-96da-00188b804fcd,Grant,F01
79bec44e-53b6-dd11-b898-00188b804fcd,be335032-ca09-df11-96da-00188b804fcd,Grant,F01
81bec44e-53b6-dd11-b898-00188b804fcd,be335032-ca09-df11-96da-00188b804fcd,Grant,F01
f5c8bd54-53b6-dd11-b898-00188b804fcd,be335032-ca09-df11-96da-00188b804fcd,Grant,F01
0cc9bd54-53b6-dd11-b898-00188b804fcd,be335032-ca09-df11-96da-00188b804fcd,Grant,F01
2a96bb5a-53b6-dd11-b898-00188b804fcd,be335032-ca09-df11-96da-00188b804fcd,Grant,F01
3e96bb5a-53b6-dd11-b898-00188b804fcd,be335032-ca09-df11-96da-00188b804fcd,Grant,F01
4796bb5a-53b6-dd11-b898-00188b804fcd,be335032-ca09-df11-96da-00188b804fcd,Grant,F01
4896bb5a-53b6-dd11-b898-00188b804fcd,be335032-ca09-df11-96da-00188b804fcd,Grant,F01
8896bb5a-53b6-dd11-b898-00188b804fcd,be335032-ca09-df11-96da-00188b804fcd,Grant,F01
8c96bb5a-53b6-dd11-b898-00188b804fcd,be335032-ca09-df11-96da-00188b804fcd,Grant,F01
8d96bb5a-53b6-dd11-b898-00188b804fcd,be335032-ca09-df11-96da-00188b804fcd,Grant,F01
9396bb5a-53b6-dd11-b898-00188b804fcd,be335032-ca09-df11-96da-00188b804fcd,Grant,F01
9796bb5a-53b6-dd11-b898-00188b804fcd,be335032-ca09-df11-96da-00188b804fcd,Grant,F01
a596bb5a-53b6-dd11-b898-00188b804fcd,be335032-ca09-df11-96da-00188b804fcd,Grant,F01
c796bb5a-53b6-dd11-b898-00188b804fcd,be335032-ca09-df11-96da-00188b804fcd,Grant,F01
d896bb5a-53b6-dd11-b898-00188b804fcd,be335032-ca09-df11-96da-00188b804fcd,Grant,F01
db96bb5a-53b6-dd11-b898-00188b804fcd,be335032-ca09-df11-96da-00188b804fcd,Grant,F01
2e02b760-53b6-dd11-b898-00188b804fcd,be335032-ca09-df11-96da-00188b804fcd,Grant,F01
7a02b760-53b6-dd11-b898-00188b804fcd,be335032-ca09-df11-96da-00188b804fcd,Grant,F01
a702b760-53b6-dd11-b898-00188b804fcd,be335032-ca09-df11-96da-00188b804fcd,Grant,F01
230db066-53b6-dd11-b898-00188b804fcd,be335032-ca09-df11-96da-00188b804fcd,Grant,F01
b3a1356f-56b6-dd11-b898-00188b804fcd,be335032-ca09-df11-96da-00188b804fcd,Grant,F01
ee64c55e-97ab-e011-a27e-001ec9e8f280,be335032-ca09-df11-96da-00188b804fcd,Grant,F01
46e833d1-98a6-e211-bc1c-00155d001608,91e4962e-cd09-df11-96da-00188b804fcd,Grant to individual,F02
a2c4dd4b-d99d-e111-900b-00155d001800,91e4962e-cd09-df11-96da-00188b804fcd,Grant to individual,F02
5b35202a-96c6-e611-a3f7-00155d33171d,91e4962e-cd09-df11-96da-00188b804fcd,Grant to individual,F02
c4739860-041c-e611-b339-00155d33171d,91e4962e-cd09-df11-96da-00188b804fcd,Grant to individual,F02
ff3dc4a4-1629-e411-8caf-00155d331923,91e4962e-cd09-df11-96da-00188b804fcd,Grant to individual,F02
81c48129-c686-e411-b56b-00155d331923,91e4962e-cd09-df11-96da-00188b804fcd,Grant to individual,F02
81e104de-69d1-e411-b56b-00155d331923,91e4962e-cd09-df11-96da-00188b804fcd,Grant to individual,F02
40f512ab-d7fd-dd11-87d0-00188b804fcd,91e4962e-cd09-df11-96da-00188b804fcd,Grant to individual,F02
f227e530-53b6-dd11-b898-00188b804fcd,91e4962e-cd09-df11-96da-00188b804fcd,Grant to individual,F02
0328e530-53b6-dd11-b898-00188b804fcd,91e4962e-cd09-df11-96da-00188b804fcd,Grant to individual,F02
1028e530-53b6-dd11-b898-00188b804fcd,91e4962e-cd09-df11-96da-00188b804fcd,Grant to individual,F02
6828e530-53b6-dd11-b898-00188b804fcd,91e4962e-cd09-df11-96da-00188b804fcd,Grant to individual,F02
e4d0db36-53b6-dd11-b898-00188b804fcd,91e4962e-cd09-df11-96da-00188b804fcd,Grant to individual,F02
89dbd43c-53b6-dd11-b898-00188b804fcd,91e4962e-cd09-df11-96da-00188b804fcd,Grant to individual,F02
8adbd43c-53b6-dd11-b898-00188b804fcd,91e4962e-cd09-df11-96da-00188b804fcd,Grant to individual,F02
d2dbd43c-53b6-dd11-b898-00188b804fcd,91e4962e-cd09-df11-96da-00188b804fcd,Grant to individual,F02
c947d042-53b6-dd11-b898-00188b804fcd,91e4962e-cd09-df11-96da-00188b804fcd,Grant to individual,F02
81bec44e-53b6-dd11-b898-00188b804fcd,91e4962e-cd09-df11-96da-00188b804fcd,Grant to individual,F02
410db066-53b6-dd11-b898-00188b804fcd,91e4962e-cd09-df11-96da-00188b804fcd,Grant to individual,F02
ee64c55e-97ab-e011-a27e-001ec9e8f280,91e4962e-cd09-df11-96da-00188b804fcd,Grant to individual,F02
876af96b-e7ab-e211-8907-00155d001608,a98de764-cd09-df11-96da-00188b804fcd,Award/Prize/Competition,F03
ad0860f8-82d9-e211-aa2c-00155d001608,a98de764-cd09-df11-96da-00188b804fcd,Award/Prize/Competition,F03
610a9dcc-1fb7-e211-b548-00155d001608,a98de764-cd09-df11-96da-00188b804fcd,Award/Prize/Competition,F03
46e833d1-98a6-e211-bc1c-00155d001608,a98de764-cd09-df11-96da-00188b804fcd,Award/Prize/Competition,F03
527541f8-b036-e111-8306-00155d001800,a98de764-cd09-df11-96da-00188b804fcd,Award/Prize/Competition,F03
38ec761b-3077-e111-af39-00155d001800,a98de764-cd09-df11-96da-00188b804fcd,Award/Prize/Competition,F03
c4739860-041c-e611-b339-00155d33171d,a98de764-cd09-df11-96da-00188b804fcd,Award/Prize/Competition,F03
81c48129-c686-e411-b56b-00155d331923,a98de764-cd09-df11-96da-00188b804fcd,Award/Prize/Competition,F03
32078e4d-059c-e411-b56b-00155d331923,a98de764-cd09-df11-96da-00188b804fcd,Award/Prize/Competition,F03
f7bda557-8fb6-e411-b56b-00155d331923,a98de764-cd09-df11-96da-00188b804fcd,Award/Prize/Competition,F03
6900d00d-c931-df11-8156-00188b804fcd,a98de764-cd09-df11-96da-00188b804fcd,Award/Prize/Competition,F03
c69aa4ac-3280-df11-8416-00188b804fcd,a98de764-cd09-df11-96da-00188b804fcd,Award/Prize/Competition,F03
dc302c55-3aa5-df11-8416-00188b804fcd,a98de764-cd09-df11-96da-00188b804fcd,Award/Prize/Competition,F03
40f512ab-d7fd-dd11-87d0-00188b804fcd,a98de764-cd09-df11-96da-00188b804fcd,Award/Prize/Competition,F03
636d16e2-5202-de11-87d0-00188b804fcd,a98de764-cd09-df11-96da-00188b804fcd,Award/Prize/Competition,F03
37ba8764-a017-de11-91f2-00188b804fcd,a98de764-cd09-df11-96da-00188b804fcd,Award/Prize/Competition,F03
6824e278-948d-de11-95cc-00188b804fcd,a98de764-cd09-df11-96da-00188b804fcd,Award/Prize/Competition,F03
e9764978-4054-df11-b5ae-00188b804fcd,a98de764-cd09-df11-96da-00188b804fcd,Award/Prize/Competition,F03
f227e530-53b6-dd11-b898-00188b804fcd,a98de764-cd09-df11-96da-00188b804fcd,Award/Prize/Competition,F03
fa27e530-53b6-dd11-b898-00188b804fcd,a98de764-cd09-df11-96da-00188b804fcd,Award/Prize/Competition,F03
fc27e530-53b6-dd11-b898-00188b804fcd,a98de764-cd09-df11-96da-00188b804fcd,Award/Prize/Competition,F03
fd27e530-53b6-dd11-b898-00188b804fcd,a98de764-cd09-df11-96da-00188b804fcd,Award/Prize/Competition,F03
fe27e530-53b6-dd11-b898-00188b804fcd,a98de764-cd09-df11-96da-00188b804fcd,Award/Prize/Competition,F03
ff27e530-53b6-dd11-b898-00188b804fcd,a98de764-cd09-df11-96da-00188b804fcd,Award/Prize/Competition,F03
0028e530-53b6-dd11-b898-00188b804fcd,a98de764-cd09-df11-96da-00188b804fcd,Award/Prize/Competition,F03
0328e530-53b6-dd11-b898-00188b804fcd,a98de764-cd09-df11-96da-00188b804fcd,Award/Prize/Competition,F03
1028e530-53b6-dd11-b898-00188b804fcd,a98de764-cd09-df11-96da-00188b804fcd,Award/Prize/Competition,F03
1228e530-53b6-dd11-b898-00188b804fcd,a98de764-cd09-df11-96da-00188b804fcd,Award/Prize/Competition,F03
1528e530-53b6-dd11-b898-00188b804fcd,a98de764-cd09-df11-96da-00188b804fcd,Award/Prize/Competition,F03
1e28e530-53b6-dd11-b898-00188b804fcd,a98de764-cd09-df11-96da-00188b804fcd,Award/Prize/Competition,F03
2c28e530-53b6-dd11-b898-00188b804fcd,a98de764-cd09-df11-96da-00188b804fcd,Award/Prize/Competition,F03
2d28e530-53b6-dd11-b898-00188b804fcd,a98de764-cd09-df11-96da-00188b804fcd,Award/Prize/Competition,F03
3728e530-53b6-dd11-b898-00188b804fcd,a98de764-cd09-df11-96da-00188b804fcd,Award/Prize/Competition,F03
4528e530-53b6-dd11-b898-00188b804fcd,a98de764-cd09-df11-96da-00188b804fcd,Award/Prize/Competition,F03
5228e530-53b6-dd11-b898-00188b804fcd,a98de764-cd09-df11-96da-00188b804fcd,Award/Prize/Competition,F03
5328e530-53b6-dd11-b898-00188b804fcd,a98de764-cd09-df11-96da-00188b804fcd,Award/Prize/Competition,F03
6828e530-53b6-dd11-b898-00188b804fcd,a98de764-cd09-df11-96da-00188b804fcd,Award/Prize/Competition,F03
9b28e530-53b6-dd11-b898-00188b804fcd,a98de764-cd09-df11-96da-00188b804fcd,Award/Prize/Competition,F03
9e28e530-53b6-dd11-b898-00188b804fcd,a98de764-cd09-df11-96da-00188b804fcd,Award/Prize/Competition,F03
9f28e530-53b6-dd11-b898-00188b804fcd,a98de764-cd09-df11-96da-00188b804fcd,Award/Prize/Competition,F03
c5d0db36-53b6-dd11-b898-00188b804fcd,a98de764-cd09-df11-96da-00188b804fcd,Award/Prize/Competition,F03
e1d0db36-53b6-dd11-b898-00188b804fcd,a98de764-cd09-df11-96da-00188b804fcd,Award/Prize/Competition,F03
e4d0db36-53b6-dd11-b898-00188b804fcd,a98de764-cd09-df11-96da-00188b804fcd,Award/Prize/Competition,F03
e9d0db36-53b6-dd11-b898-00188b804fcd,a98de764-cd09-df11-96da-00188b804fcd,Award/Prize/Competition,F03
f3d0db36-53b6-dd11-b898-00188b804fcd,a98de764-cd09-df11-96da-00188b804fcd,Award/Prize/Competition,F03
11d1db36-53b6-dd11-b898-00188b804fcd,a98de764-cd09-df11-96da-00188b804fcd,Award/Prize/Competition,F03
1ed1db36-53b6-dd11-b898-00188b804fcd,a98de764-cd09-df11-96da-00188b804fcd,Award/Prize/Competition,F03
51dbd43c-53b6-dd11-b898-00188b804fcd,a98de764-cd09-df11-96da-00188b804fcd,Award/Prize/Competition,F03
89dbd43c-53b6-dd11-b898-00188b804fcd,a98de764-cd09-df11-96da-00188b804fcd,Award/Prize/Competition,F03
96dbd43c-53b6-dd11-b898-00188b804fcd,a98de764-cd09-df11-96da-00188b804fcd,Award/Prize/Competition,F03
9fdbd43c-53b6-dd11-b898-00188b804fcd,a98de764-cd09-df11-96da-00188b804fcd,Award/Prize/Competition,F03
a4dbd43c-53b6-dd11-b898-00188b804fcd,a98de764-cd09-df11-96da-00188b804fcd,Award/Prize/Competition,F03
aedbd43c-53b6-dd11-b898-00188b804fcd,a98de764-cd09-df11-96da-00188b804fcd,Award/Prize/Competition,F03
b6dbd43c-53b6-dd11-b898-00188b804fcd,a98de764-cd09-df11-96da-00188b804fcd,Award/Prize/Competition,F03
dfdbd43c-53b6-dd11-b898-00188b804fcd,a98de764-cd09-df11-96da-00188b804fcd,Award/Prize/Competition,F03
9f47d042-53b6-dd11-b898-00188b804fcd,a98de764-cd09-df11-96da-00188b804fcd,Award/Prize/Competition,F03
c947d042-53b6-dd11-b898-00188b804fcd,a98de764-cd09-df11-96da-00188b804fcd,Award/Prize/Competition,F03
6fb3cb48-53b6-dd11-b898-00188b804fcd,a98de764-cd09-df11-96da-00188b804fcd,Award/Prize/Competition,F03
a6b3cb48-53b6-dd11-b898-00188b804fcd,a98de764-cd09-df11-96da-00188b804fcd,Award/Prize/Competition,F03
b2b3cb48-53b6-dd11-b898-00188b804fcd,a98de764-cd09-df11-96da-00188b804fcd,Award/Prize/Competition,F03
ddb3cb48-53b6-dd11-b898-00188b804fcd,a98de764-cd09-df11-96da-00188b804fcd,Award/Prize/Competition,F03
feb3cb48-53b6-dd11-b898-00188b804fcd,a98de764-cd09-df11-96da-00188b804fcd,Award/Prize/Competition,F03
07b4cb48-53b6-dd11-b898-00188b804fcd,a98de764-cd09-df11-96da-00188b804fcd,Award/Prize/Competition,F03
1cb4cb48-53b6-dd11-b898-00188b804fcd,a98de764-cd09-df11-96da-00188b804fcd,Award/Prize/Competition,F03
2ebec44e-53b6-dd11-b898-00188b804fcd,a98de764-cd09-df11-96da-00188b804fcd,Award/Prize/Competition,F03
a4c8bd54-53b6-dd11-b898-00188b804fcd,a98de764-cd09-df11-96da-00188b804fcd,Award/Prize/Competition,F03
f1c8bd54-53b6-dd11-b898-00188b804fcd,a98de764-cd09-df11-96da-00188b804fcd,Award/Prize/Competition,F03
f5c8bd54-53b6-dd11-b898-00188b804fcd,a98de764-cd09-df11-96da-00188b804fcd,Award/Prize/Competition,F03
0cc9bd54-53b6-dd11-b898-00188b804fcd,a98de764-cd09-df11-96da-00188b804fcd,Award/Prize/Competition,F03
4696bb5a-53b6-dd11-b898-00188b804fcd,a98de764-cd09-df11-96da-00188b804fcd,Award/Prize/Competition,F03
9796bb5a-53b6-dd11-b898-00188b804fcd,a98de764-cd09-df11-96da-00188b804fcd,Award/Prize/Competition,F03
a596bb5a-53b6-dd11-b898-00188b804fcd,a98de764-cd09-df11-96da-00188b804fcd,Award/Prize/Competition,F03
d896bb5a-53b6-dd11-b898-00188b804fcd,a98de764-cd09-df11-96da-00188b804fcd,Award/Prize/Competition,F03
2e02b760-53b6-dd11-b898-00188b804fcd,a98de764-cd09-df11-96da-00188b804fcd,Award/Prize/Competition,F03
7a02b760-53b6-dd11-b898-00188b804fcd,a98de764-cd09-df11-96da-00188b804fcd,Award/Prize/Competition,F03
add3baec-60a0-e211-92ae-00155d001608,3fe71896-cd09-df11-96da-00188b804fcd,Gift in-kind,F04
53973bb1-ec86-e511-8897-00155d33171d,3fe71896-cd09-df11-96da-00188b804fcd,Gift in-kind,F04
0f708994-910d-de11-87d0-00188b804fcd,3fe71896-cd09-df11-96da-00188b804fcd,Gift in-kind,F04
feb3cb48-53b6-dd11-b898-00188b804fcd,3fe71896-cd09-df11-96da-00188b804fcd,Gift in-kind,F04
1cb4cb48-53b6-dd11-b898-00188b804fcd,d4d508f2-590a-df11-96da-00188b804fcd,Challenge/Matching fund,F05
7ec26d22-a176-de11-91ea-00188b804fcd,f41643bf-5a0a-df11-96da-00188b804fcd,Employee matching gift,F06
37ba8764-a017-de11-91f2-00188b804fcd,f41643bf-5a0a-df11-96da-00188b804fcd,Employee matching gift,F06
b4d0db36-53b6-dd11-b898-00188b804fcd,f41643bf-5a0a-df11-96da-00188b804fcd,Employee matching gift,F06
1cb4cb48-53b6-dd11-b898-00188b804fcd,f41643bf-5a0a-df11-96da-00188b804fcd,Employee matching gift,F06
04a54f24-3602-e211-ab02-00155d001608,43f675f9-5a0a-df11-96da-00188b804fcd,Corporate sponsorship,F07
bb991307-623b-e511-b179-00155d33171d,43f675f9-5a0a-df11-96da-00188b804fcd,Corporate sponsorship,F07
aedbd43c-53b6-dd11-b898-00188b804fcd,43f675f9-5a0a-df11-96da-00188b804fcd,Corporate sponsorship,F07
876af96b-e7ab-e211-8907-00155d001608,d38dc487-5b0a-df11-96da-00188b804fcd,Employee volunteering,F08
add3baec-60a0-e211-92ae-00155d001608,d38dc487-5b0a-df11-96da-00188b804fcd,Employee volunteering,F08
527541f8-b036-e111-8306-00155d001800,d38dc487-5b0a-df11-96da-00188b804fcd,Employee volunteering,F08
bb991307-623b-e511-b179-00155d33171d,d38dc487-5b0a-df11-96da-00188b804fcd,Employee volunteering,F08
1028e530-53b6-dd11-b898-00188b804fcd,d38dc487-5b0a-df11-96da-00188b804fcd,Employee volunteering,F08
b4d0db36-53b6-dd11-b898-00188b804fcd,d38dc487-5b0a-df11-96da-00188b804fcd,Employee volunteering,F08
aedbd43c-53b6-dd11-b898-00188b804fcd,d38dc487-5b0a-df11-96da-00188b804fcd,Employee volunteering,F08
dfdbd43c-53b6-dd11-b898-00188b804fcd,d38dc487-5b0a-df11-96da-00188b804fcd,Employee volunteering,F08
feb3cb48-53b6-dd11-b898-00188b804fcd,d38dc487-5b0a-df11-96da-00188b804fcd,Employee volunteering,F08
04a54f24-3602-e211-ab02-00155d001608,390fe39e-5c0a-df11-96da-00188b804fcd,Social investment tool,F10
0f708994-910d-de11-87d0-00188b804fcd,390fe39e-5c0a-df11-96da-00188b804fcd,Social investment tool,F10
2528e530-53b6-dd11-b898-00188b804fcd,390fe39e-5c0a-df11-96da-00188b804fcd,Social investment tool,F10
89dbd43c-53b6-dd11-b898-00188b804fcd,390fe39e-5c0a-df11-96da-00188b804fcd,Social investment tool,F10
aedbd43c-53b6-dd11-b898-00188b804fcd,390fe39e-5c0a-df11-96da-00188b804fcd,Social investment tool,F10
c947d042-53b6-dd11-b898-00188b804fcd,390fe39e-5c0a-df11-96da-00188b804fcd,Social investment tool,F10
6fb3cb48-53b6-dd11-b898-00188b804fcd,390fe39e-5c0a-df11-96da-00188b804fcd,Social investment tool,F10
feb3cb48-53b6-dd11-b898-00188b804fcd,390fe39e-5c0a-df11-96da-00188b804fcd,Social investment tool,F10
1cb4cb48-53b6-dd11-b898-00188b804fcd,390fe39e-5c0a-df11-96da-00188b804fcd,Social investment tool,F10
f5c8bd54-53b6-dd11-b898-00188b804fcd,390fe39e-5c0a-df11-96da-00188b804fcd,Social investment tool,F10
4796bb5a-53b6-dd11-b898-00188b804fcd,390fe39e-5c0a-df11-96da-00188b804fcd,Social investment tool,F10
4402b760-53b6-dd11-b898-00188b804fcd,390fe39e-5c0a-df11-96da-00188b804fcd,Social investment tool,F10
ca52fa31-97d4-e511-905d-00155d33171d,cd3a4819-5d0a-df11-96da-00188b804fcd,Equity investment,F11
6824e278-948d-de11-95cc-00188b804fcd,cd3a4819-5d0a-df11-96da-00188b804fcd,Equity investment,F11
e4d0db36-53b6-dd11-b898-00188b804fcd,cd3a4819-5d0a-df11-96da-00188b804fcd,Equity investment,F11
c7bdc44e-53b6-dd11-b898-00188b804fcd,cd3a4819-5d0a-df11-96da-00188b804fcd,Equity investment,F11
ca52fa31-97d4-e511-905d-00155d33171d,e8995d54-5d0a-df11-96da-00188b804fcd,Loan guarantee,F12
89dbd43c-53b6-dd11-b898-00188b804fcd,e8995d54-5d0a-df11-96da-00188b804fcd,Loan guarantee,F12
feb3cb48-53b6-dd11-b898-00188b804fcd,e8995d54-5d0a-df11-96da-00188b804fcd,Loan guarantee,F12
876af96b-e7ab-e211-8907-00155d001608,638efa8a-5d0a-df11-96da-00188b804fcd,Loan,F13
6824e278-948d-de11-95cc-00188b804fcd,638efa8a-5d0a-df11-96da-00188b804fcd,Loan,F13
04d1db36-53b6-dd11-b898-00188b804fcd,638efa8a-5d0a-df11-96da-00188b804fcd,Loan,F13
86dbd43c-53b6-dd11-b898-00188b804fcd,638efa8a-5d0a-df11-96da-00188b804fcd,Loan,F13
90dbd43c-53b6-dd11-b898-00188b804fcd,638efa8a-5d0a-df11-96da-00188b804fcd,Loan,F13
96dbd43c-53b6-dd11-b898-00188b804fcd,638efa8a-5d0a-df11-96da-00188b804fcd,Loan,F13
f5c8bd54-53b6-dd11-b898-00188b804fcd,638efa8a-5d0a-df11-96da-00188b804fcd,Loan,F13
4402b760-53b6-dd11-b898-00188b804fcd,638efa8a-5d0a-df11-96da-00188b804fcd,Loan,F13
89dbd43c-53b6-dd11-b898-00188b804fcd,93572d00-5e0a-df11-96da-00188b804fcd,Revolving loan,F14
527541f8-b036-e111-8306-00155d001800,13fc6f33-5e0a-df11-96da-00188b804fcd,Microfinance,F15
ca52fa31-97d4-e511-905d-00155d33171d,13fc6f33-5e0a-df11-96da-00188b804fcd,Microfinance,F15
de902966-3e3a-de11-96fa-00188b804fcd,13fc6f33-5e0a-df11-96da-00188b804fcd,Microfinance,F15
1028e530-53b6-dd11-b898-00188b804fcd,13fc6f33-5e0a-df11-96da-00188b804fcd,Microfinance,F15
04d1db36-53b6-dd11-b898-00188b804fcd,13fc6f33-5e0a-df11-96da-00188b804fcd,Microfinance,F15
89dbd43c-53b6-dd11-b898-00188b804fcd,13fc6f33-5e0a-df11-96da-00188b804fcd,Microfinance,F15
8cdbd43c-53b6-dd11-b898-00188b804fcd,13fc6f33-5e0a-df11-96da-00188b804fcd,Microfinance,F15
92dbd43c-53b6-dd11-b898-00188b804fcd,13fc6f33-5e0a-df11-96da-00188b804fcd,Microfinance,F15
7fb3cb48-53b6-dd11-b898-00188b804fcd,13fc6f33-5e0a-df11-96da-00188b804fcd,Microfinance,F15
1cb4cb48-53b6-dd11-b898-00188b804fcd,13fc6f33-5e0a-df11-96da-00188b804fcd,Microfinance,F15
47bec44e-53b6-dd11-b898-00188b804fcd,13fc6f33-5e0a-df11-96da-00188b804fcd,Microfinance,F15
f5c8bd54-53b6-dd11-b898-00188b804fcd,13fc6f33-5e0a-df11-96da-00188b804fcd,Microfinance,F15
ff3dc4a4-1629-e411-8caf-00155d331923,da8584d2-5e0a-df11-96da-00188b804fcd,Venture capital,F18
53973bb1-ec86-e511-8897-00155d33171d,24a33474-5f0a-df11-96da-00188b804fcd,Programme-related investment,F19
876af96b-e7ab-e211-8907-00155d001608,a92a9976-7648-df11-b5ae-00188b804fcd,Continuing Support,F21
add3baec-60a0-e211-92ae-00155d001608,a92a9976-7648-df11-b5ae-00188b804fcd,Continuing Support,F21
04a54f24-3602-e211-ab02-00155d001608,a92a9976-7648-df11-b5ae-00188b804fcd,Continuing Support,F21
825d2e30-0629-e411-8caf-00155d331923,a92a9976-7648-df11-b5ae-00188b804fcd,Continuing Support,F21
40f512ab-d7fd-dd11-87d0-00188b804fcd,a92a9976-7648-df11-b5ae-00188b804fcd,Continuing Support,F21
0f708994-910d-de11-87d0-00188b804fcd,a92a9976-7648-df11-b5ae-00188b804fcd,Continuing Support,F21
e1d0db36-53b6-dd11-b898-00188b804fcd,a92a9976-7648-df11-b5ae-00188b804fcd,Continuing Support,F21
86dbd43c-53b6-dd11-b898-00188b804fcd,a92a9976-7648-df11-b5ae-00188b804fcd,Continuing Support,F21
89dbd43c-53b6-dd11-b898-00188b804fcd,a92a9976-7648-df11-b5ae-00188b804fcd,Continuing Support,F21
a4dbd43c-53b6-dd11-b898-00188b804fcd,a92a9976-7648-df11-b5ae-00188b804fcd,Continuing Support,F21
aedbd43c-53b6-dd11-b898-00188b804fcd,a92a9976-7648-df11-b5ae-00188b804fcd,Continuing Support,F21
d2dbd43c-53b6-dd11-b898-00188b804fcd,a92a9976-7648-df11-b5ae-00188b804fcd,Continuing Support,F21
4e47d042-53b6-dd11-b898-00188b804fcd,a92a9976-7648-df11-b5ae-00188b804fcd,Continuing Support,F21
47bec44e-53b6-dd11-b898-00188b804fcd,a92a9976-7648-df11-b5ae-00188b804fcd,Continuing Support,F21
f227e530-53b6-dd11-b898-00188b804fcd,e3a45d39-7748-df11-b5ae-00188b804fcd,Information Systems,P19
8adbd43c-53b6-dd11-b898-00188b804fcd,e3a45d39-7748-df11-b5ae-00188b804fcd,Information Systems,P19
aedbd43c-53b6-dd11-b898-00188b804fcd,e3a45d39-7748-df11-b5ae-00188b804fcd,Information Systems,P19
6fb3cb48-53b6-dd11-b898-00188b804fcd,e3a45d39-7748-df11-b5ae-00188b804fcd,Information Systems,P19
76f68dec-84de-de11-81d4-00188b804fcd,,,
ea624553-d35c-e711-b2da-00155d33171d,,,
72b3cb48-53b6-dd11-b898-00188b804fcd,,,
4428e530-53b6-dd11-b898-00188b804fcd,,,
a7c3d7e5-70a8-e411-b56b-00155d331923,,,
7102b760-53b6-dd11-b898-00188b804fcd,,,
beb3cb48-53b6-dd11-b898-00188b804fcd,,,
b3e8e155-55b6-dd11-b898-00188b804fcd,,,
bfd0db36-53b6-dd11-b898-00188b804fcd,,,
dd14a7b0-bfb2-e411-b56b-00155d331923,,,
6328e530-53b6-dd11-b898-00188b804fcd,,,
5ebec44e-53b6-dd11-b898-00188b804fcd,,,
fe8d6e11-4fc1-e311-8703-00155d331818,,,
b81528b8-7c31-e711-a235-00155d33171d,,,

